source_short_name,ontology_id,candidate_ontology_ids,label,label_group_ids,value_group_ids,device_group_ids,image_selectors,fallback_selectors,related_node_ids,visibility_mode,confidence,notes
RF-C,,[],RF-C,"[""svg_122_6""]",[],"[""svg_122_6""]","[""image[href*=\""RF-C\""]"",""image[xlink\\:href*=\""RF-C\""]"",""image[href*=\""RF-C\""]""]","[""g[data-filter=\""RF-C\""]"",""[short-name=\""RF-C\""]"",""[sname=\""RF-C\""]"",""[data-shortname=\""RF-C\""]"",""[data-point-short-name=\""RF-C\""]"",""[data-filter*=\""RF-C\""]"",""[class*=\""bas-floor-graphics-display-point\""]"",""[class*=\""graphics-point-label\""]"",""[class*=\""graphics-point-value\""]"",""[class*=\""graphics-point-notfound\""]"",""use[key-data-attr*=\""pointShortName':'RF-C'\""]"",""use[key-data-attr*=\""pointShortName:\\\""RF-C\\\""\""]""]","[""svg_122_6""]",hide_when_unselected,0.12,generated from template point record; ontology mapping unresolved
MAD-O,,[],MAD-O,"[""svg_102_6""]",[],"[""svg_102_6""]","[""image[href*=\""MAD-O\""]"",""image[xlink\\:href*=\""MAD-O\""]"",""image[href*=\""MAD-O\""]""]","[""g[data-filter=\""MAD-O\""]"",""[short-name=\""MAD-O\""]"",""[sname=\""MAD-O\""]"",""[data-shortname=\""MAD-O\""]"",""[data-point-short-name=\""MAD-O\""]"",""[data-filter*=\""MAD-O\""]"",""[class*=\""bas-floor-graphics-display-point\""]"",""[class*=\""graphics-point-label\""]"",""[class*=\""graphics-point-value\""]"",""[class*=\""graphics-point-notfound\""]"",""use[key-data-attr*=\""pointShortName':'MAD-O'\""]"",""use[key-data-attr*=\""pointShortName:\\\""MAD-O\\\""\""]""]","[""svg_102_6""]",hide_when_unselected,0.12,generated from template point record; ontology mapping unresolved
RF-S,,[],RF-S,"[""svg_116_6""]",[],"[""svg_116_6""]","[""image[href*=\""RF-S\""]"",""image[xlink\\:href*=\""RF-S\""]"",""image[href*=\""RF-S\""]""]","[""g[data-filter=\""RF-S\""]"",""[short-name=\""RF-S\""]"",""[sname=\""RF-S\""]"",""[data-shortname=\""RF-S\""]"",""[data-point-short-name=\""RF-S\""]"",""[data-filter*=\""RF-S\""]"",""[class*=\""bas-floor-graphics-display-point\""]"",""[class*=\""graphics-point-label\""]"",""[class*=\""graphics-point-value\""]"",""[class*=\""graphics-point-notfound\""]"",""use[key-data-attr*=\""pointShortName':'RF-S'\""]"",""use[key-data-attr*=\""pointShortName:\\\""RF-S\\\""\""]""]","[""svg_116_6""]",hide_when_unselected,0.12,generated from template point record; ontology mapping unresolved
RF-O,,[],RF-O,"[""svg_170_6""]",[],"[""svg_170_6""]","[""image[href*=\""RF-O\""]"",""image[xlink\\:href*=\""RF-O\""]"",""image[href*=\""RF-O\""]""]","[""g[data-filter=\""RF-O\""]"",""[short-name=\""RF-O\""]"",""[sname=\""RF-O\""]"",""[data-shortname=\""RF-O\""]"",""[data-point-short-name=\""RF-O\""]"",""[data-filter*=\""RF-O\""]"",""[class*=\""bas-floor-graphics-display-point\""]"",""[class*=\""graphics-point-label\""]"",""[class*=\""graphics-point-value\""]"",""[class*=\""graphics-point-notfound\""]"",""use[key-data-attr*=\""pointShortName':'RF-O'\""]"",""use[key-data-attr*=\""pointShortName:\\\""RF-O\\\""\""]""]","[""svg_170_6""]",hide_when_unselected,0.12,generated from template point record; ontology mapping unresolved
RAPLO-A,,[],RAPLO-A,"[""svg_197_6""]",[],"[""svg_197_6""]","[""image[href*=\""RAPLO-A\""]"",""image[xlink\\:href*=\""RAPLO-A\""]"",""image[href*=\""RAPLO-A\""]""]","[""g[data-filter=\""RAPLO-A\""]"",""[short-name=\""RAPLO-A\""]"",""[sname=\""RAPLO-A\""]"",""[data-shortname=\""RAPLO-A\""]"",""[data-point-short-name=\""RAPLO-A\""]"",""[data-filter*=\""RAPLO-A\""]"",""[class*=\""bas-floor-graphics-display-point\""]"",""[class*=\""graphics-point-label\""]"",""[class*=\""graphics-point-value\""]"",""[class*=\""graphics-point-notfound\""]"",""use[key-data-attr*=\""pointShortName':'RAPLO-A'\""]"",""use[key-data-attr*=\""pointShortName:\\\""RAPLO-A\\\""\""]""]","[""svg_197_6""]",hide_when_unselected,0.12,generated from template point record; ontology mapping unresolved
RA-SD,,[],RA-SD,"[""svg_251_6""]",[],"[""svg_251_6""]","[""image[href*=\""RA-SD\""]"",""image[xlink\\:href*=\""RA-SD\""]"",""image[href*=\""RA-SD\""]""]","[""g[data-filter=\""RA-SD\""]"",""[short-name=\""RA-SD\""]"",""[sname=\""RA-SD\""]"",""[data-shortname=\""RA-SD\""]"",""[data-point-short-name=\""RA-SD\""]"",""[data-filter*=\""RA-SD\""]"",""[class*=\""bas-floor-graphics-display-point\""]"",""[class*=\""graphics-point-label\""]"",""[class*=\""graphics-point-value\""]"",""[class*=\""graphics-point-notfound\""]"",""use[key-data-attr*=\""pointShortName':'RA-SD'\""]"",""use[key-data-attr*=\""pointShortName:\\\""RA-SD\\\""\""]""]","[""svg_251_6""]",hide_when_unselected,0.12,generated from template point record; ontology mapping unresolved
RA-T,,[],RA-T,"[""svg_266_6""]",[],"[""svg_266_6""]","[""image[href*=\""RA-T\""]"",""image[xlink\\:href*=\""RA-T\""]"",""image[href*=\""RA-T\""]""]","[""g[data-filter=\""RA-T\""]"",""[short-name=\""RA-T\""]"",""[sname=\""RA-T\""]"",""[data-shortname=\""RA-T\""]"",""[data-point-short-name=\""RA-T\""]"",""[data-filter*=\""RA-T\""]"",""[class*=\""bas-floor-graphics-display-point\""]"",""[class*=\""graphics-point-label\""]"",""[class*=\""graphics-point-value\""]"",""[class*=\""graphics-point-notfound\""]"",""use[key-data-attr*=\""pointShortName':'RA-T'\""]"",""use[key-data-attr*=\""pointShortName:\\\""RA-T\\\""\""]""]","[""svg_266_6""]",hide_when_unselected,0.12,generated from template point record; ontology mapping unresolved
RAT-SP,,[],RAT-SP,"[""svg_328_6""]",[],"[""svg_328_6""]","[""image[href*=\""RAT-SP\""]"",""image[xlink\\:href*=\""RAT-SP\""]"",""image[href*=\""RAT-SP\""]""]","[""g[data-filter=\""RAT-SP\""]"",""[short-name=\""RAT-SP\""]"",""[sname=\""RAT-SP\""]"",""[data-shortname=\""RAT-SP\""]"",""[data-point-short-name=\""RAT-SP\""]"",""[data-filter*=\""RAT-SP\""]"",""[class*=\""bas-floor-graphics-display-point\""]"",""[class*=\""graphics-point-label\""]"",""[class*=\""graphics-point-value\""]"",""[class*=\""graphics-point-notfound\""]"",""use[key-data-attr*=\""pointShortName':'RAT-SP'\""]"",""use[key-data-attr*=\""pointShortName:\\\""RAT-SP\\\""\""]""]","[""svg_328_6""]",hide_when_unselected,0.12,generated from template point record; ontology mapping unresolved
RA-H,,[],RA-H,"[""svg_331_6""]",[],"[""svg_331_6""]","[""image[href*=\""RA-H\""]"",""image[xlink\\:href*=\""RA-H\""]"",""image[href*=\""RA-H\""]""]","[""g[data-filter=\""RA-H\""]"",""[short-name=\""RA-H\""]"",""[sname=\""RA-H\""]"",""[data-shortname=\""RA-H\""]"",""[data-point-short-name=\""RA-H\""]"",""[data-filter*=\""RA-H\""]"",""[class*=\""bas-floor-graphics-display-point\""]"",""[class*=\""graphics-point-label\""]"",""[class*=\""graphics-point-value\""]"",""[class*=\""graphics-point-notfound\""]"",""use[key-data-attr*=\""pointShortName':'RA-H'\""]"",""use[key-data-attr*=\""pointShortName:\\\""RA-H\\\""\""]""]","[""svg_331_6""]",hide_when_unselected,0.12,generated from template point record; ontology mapping unresolved
RAH-SP,,[],RAH-SP,"[""svg_337_6""]",[],"[""svg_337_6""]","[""image[href*=\""RAH-SP\""]"",""image[xlink\\:href*=\""RAH-SP\""]"",""image[href*=\""RAH-SP\""]""]","[""g[data-filter=\""RAH-SP\""]"",""[short-name=\""RAH-SP\""]"",""[sname=\""RAH-SP\""]"",""[data-shortname=\""RAH-SP\""]"",""[data-point-short-name=\""RAH-SP\""]"",""[data-filter*=\""RAH-SP\""]"",""[class*=\""bas-floor-graphics-display-point\""]"",""[class*=\""graphics-point-label\""]"",""[class*=\""graphics-point-value\""]"",""[class*=\""graphics-point-notfound\""]"",""use[key-data-attr*=\""pointShortName':'RAH-SP'\""]"",""use[key-data-attr*=\""pointShortName:\\\""RAH-SP\\\""\""]""]","[""svg_337_6""]",hide_when_unselected,0.12,generated from template point record; ontology mapping unresolved
RA-P,,[],RA-P,"[""svg_348_6""]",[],"[""svg_348_6""]","[""image[href*=\""RA-P\""]"",""image[xlink\\:href*=\""RA-P\""]"",""image[href*=\""RA-P\""]""]","[""g[data-filter=\""RA-P\""]"",""[short-name=\""RA-P\""]"",""[sname=\""RA-P\""]"",""[data-shortname=\""RA-P\""]"",""[data-point-short-name=\""RA-P\""]"",""[data-filter*=\""RA-P\""]"",""[class*=\""bas-floor-graphics-display-point\""]"",""[class*=\""graphics-point-label\""]"",""[class*=\""graphics-point-value\""]"",""[class*=\""graphics-point-notfound\""]"",""use[key-data-attr*=\""pointShortName':'RA-P'\""]"",""use[key-data-attr*=\""pointShortName:\\\""RA-P\\\""\""]""]","[""svg_348_6""]",hide_when_unselected,0.12,generated from template point record; ontology mapping unresolved
RAP-SP,,[],RAP-SP,"[""svg_352_6""]",[],"[""svg_352_6""]","[""image[href*=\""RAP-SP\""]"",""image[xlink\\:href*=\""RAP-SP\""]"",""image[href*=\""RAP-SP\""]""]","[""g[data-filter=\""RAP-SP\""]"",""[short-name=\""RAP-SP\""]"",""[sname=\""RAP-SP\""]"",""[data-shortname=\""RAP-SP\""]"",""[data-point-short-name=\""RAP-SP\""]"",""[data-filter*=\""RAP-SP\""]"",""[class*=\""bas-floor-graphics-display-point\""]"",""[class*=\""graphics-point-label\""]"",""[class*=\""graphics-point-value\""]"",""[class*=\""graphics-point-notfound\""]"",""use[key-data-attr*=\""pointShortName':'RAP-SP'\""]"",""use[key-data-attr*=\""pointShortName:\\\""RAP-SP\\\""\""]""]","[""svg_352_6""]",hide_when_unselected,0.12,generated from template point record; ontology mapping unresolved
MOAD-S,,[],MOAD-S,"[""svg_354_6""]",[],"[""svg_354_6""]","[""image[href*=\""MOAD-S\""]"",""image[xlink\\:href*=\""MOAD-S\""]"",""image[href*=\""MOAD-S\""]""]","[""g[data-filter=\""MOAD-S\""]"",""[short-name=\""MOAD-S\""]"",""[sname=\""MOAD-S\""]"",""[data-shortname=\""MOAD-S\""]"",""[data-point-short-name=\""MOAD-S\""]"",""[data-filter*=\""MOAD-S\""]"",""[class*=\""bas-floor-graphics-display-point\""]"",""[class*=\""graphics-point-label\""]"",""[class*=\""graphics-point-value\""]"",""[class*=\""graphics-point-notfound\""]"",""use[key-data-attr*=\""pointShortName':'MOAD-S'\""]"",""use[key-data-attr*=\""pointShortName:\\\""MOAD-S\\\""\""]""]","[""svg_354_6""]",hide_when_unselected,0.12,generated from template point record; ontology mapping unresolved
MOAD-C,,[],MOAD-C,"[""svg_357_6""]",[],"[""svg_357_6""]","[""image[href*=\""MOAD-C\""]"",""image[xlink\\:href*=\""MOAD-C\""]"",""image[href*=\""MOAD-C\""]""]","[""g[data-filter=\""MOAD-C\""]"",""[short-name=\""MOAD-C\""]"",""[sname=\""MOAD-C\""]"",""[data-shortname=\""MOAD-C\""]"",""[data-point-short-name=\""MOAD-C\""]"",""[data-filter*=\""MOAD-C\""]"",""[class*=\""bas-floor-graphics-display-point\""]"",""[class*=\""graphics-point-label\""]"",""[class*=\""graphics-point-value\""]"",""[class*=\""graphics-point-notfound\""]"",""use[key-data-attr*=\""pointShortName':'MOAD-C'\""]"",""use[key-data-attr*=\""pointShortName:\\\""MOAD-C\\\""\""]""]","[""svg_357_6""]",hide_when_unselected,0.12,generated from template point record; ontology mapping unresolved
GEF-C,,[],GEF-C,"[""svg_374_6""]",[],"[""svg_374_6""]","[""image[href*=\""GEF-C\""]"",""image[xlink\\:href*=\""GEF-C\""]"",""image[href*=\""GEF-C\""]""]","[""g[data-filter=\""GEF-C\""]"",""[short-name=\""GEF-C\""]"",""[sname=\""GEF-C\""]"",""[data-shortname=\""GEF-C\""]"",""[data-point-short-name=\""GEF-C\""]"",""[data-filter*=\""GEF-C\""]"",""[class*=\""bas-floor-graphics-display-point\""]"",""[class*=\""graphics-point-label\""]"",""[class*=\""graphics-point-value\""]"",""[class*=\""graphics-point-notfound\""]"",""use[key-data-attr*=\""pointShortName':'GEF-C'\""]"",""use[key-data-attr*=\""pointShortName:\\\""GEF-C\\\""\""]""]","[""svg_374_6""]",hide_when_unselected,0.12,generated from template point record; ontology mapping unresolved
GEF-S,,[],GEF-S,"[""svg_391_6""]",[],"[""svg_391_6""]","[""image[href*=\""GEF-S\""]"",""image[xlink\\:href*=\""GEF-S\""]"",""image[href*=\""GEF-S\""]""]","[""g[data-filter=\""GEF-S\""]"",""[short-name=\""GEF-S\""]"",""[sname=\""GEF-S\""]"",""[data-shortname=\""GEF-S\""]"",""[data-point-short-name=\""GEF-S\""]"",""[data-filter*=\""GEF-S\""]"",""[class*=\""bas-floor-graphics-display-point\""]"",""[class*=\""graphics-point-label\""]"",""[class*=\""graphics-point-value\""]"",""[class*=\""graphics-point-notfound\""]"",""use[key-data-attr*=\""pointShortName':'GEF-S'\""]"",""use[key-data-attr*=\""pointShortName:\\\""GEF-S\\\""\""]""]","[""svg_391_6""]",hide_when_unselected,0.12,generated from template point record; ontology mapping unresolved
PFILT-S,,[],PFILT-S,"[""svg_32_6""]",[],"[""svg_32_6""]","[""image[href*=\""PFILT-S\""]"",""image[xlink\\:href*=\""PFILT-S\""]"",""image[href*=\""PFILT-S\""]""]","[""g[data-filter=\""PFILT-S\""]"",""[short-name=\""PFILT-S\""]"",""[sname=\""PFILT-S\""]"",""[data-shortname=\""PFILT-S\""]"",""[data-point-short-name=\""PFILT-S\""]"",""[data-filter*=\""PFILT-S\""]"",""[class*=\""bas-floor-graphics-display-point\""]"",""[class*=\""graphics-point-label\""]"",""[class*=\""graphics-point-value\""]"",""[class*=\""graphics-point-notfound\""]"",""use[key-data-attr*=\""pointShortName':'PFILT-S'\""]"",""use[key-data-attr*=\""pointShortName:\\\""PFILT-S\\\""\""]""]","[""svg_32_6""]",hide_when_unselected,0.12,generated from template point record; ontology mapping unresolved
MA-T,,[],MA-T,"[""svg_272_6""]",[],"[""svg_272_6""]","[""image[href*=\""MA-T\""]"",""image[xlink\\:href*=\""MA-T\""]"",""image[href*=\""MA-T\""]""]","[""g[data-filter=\""MA-T\""]"",""[short-name=\""MA-T\""]"",""[sname=\""MA-T\""]"",""[data-shortname=\""MA-T\""]"",""[data-point-short-name=\""MA-T\""]"",""[data-filter*=\""MA-T\""]"",""[class*=\""bas-floor-graphics-display-point\""]"",""[class*=\""graphics-point-label\""]"",""[class*=\""graphics-point-value\""]"",""[class*=\""graphics-point-notfound\""]"",""use[key-data-attr*=\""pointShortName':'MA-T'\""]"",""use[key-data-attr*=\""pointShortName:\\\""MA-T\\\""\""]""]","[""svg_272_6""]",hide_when_unselected,0.12,generated from template point record; ontology mapping unresolved
PH-O,,[],PH-O,"[""svg_368_6""]",[],"[""svg_368_6""]","[""image[href*=\""PH-O\""]"",""image[xlink\\:href*=\""PH-O\""]"",""image[href*=\""PH-O\""]""]","[""g[data-filter=\""PH-O\""]"",""[short-name=\""PH-O\""]"",""[sname=\""PH-O\""]"",""[data-shortname=\""PH-O\""]"",""[data-point-short-name=\""PH-O\""]"",""[data-filter*=\""PH-O\""]"",""[class*=\""bas-floor-graphics-display-point\""]"",""[class*=\""graphics-point-label\""]"",""[class*=\""graphics-point-value\""]"",""[class*=\""graphics-point-notfound\""]"",""use[key-data-attr*=\""pointShortName':'PH-O'\""]"",""use[key-data-attr*=\""pointShortName:\\\""PH-O\\\""\""]""]","[""svg_368_6""]",hide_when_unselected,0.12,generated from template point record; ontology mapping unresolved
PH-POS,,[],PH-POS,"[""svg_370_6""]",[],"[""svg_370_6""]","[""image[href*=\""PH-POS\""]"",""image[xlink\\:href*=\""PH-POS\""]"",""image[href*=\""PH-POS\""]""]","[""g[data-filter=\""PH-POS\""]"",""[short-name=\""PH-POS\""]"",""[sname=\""PH-POS\""]"",""[data-shortname=\""PH-POS\""]"",""[data-point-short-name=\""PH-POS\""]"",""[data-filter*=\""PH-POS\""]"",""[class*=\""bas-floor-graphics-display-point\""]"",""[class*=\""graphics-point-label\""]"",""[class*=\""graphics-point-value\""]"",""[class*=\""graphics-point-notfound\""]"",""use[key-data-attr*=\""pointShortName':'PH-POS'\""]"",""use[key-data-attr*=\""pointShortName:\\\""PH-POS\\\""\""]""]","[""svg_370_6""]",hide_when_unselected,0.12,generated from template point record; ontology mapping unresolved
PH-T,,[],PH-T,"[""svg_384_6""]",[],"[""svg_384_6""]","[""image[href*=\""PH-T\""]"",""image[xlink\\:href*=\""PH-T\""]"",""image[href*=\""PH-T\""]""]","[""g[data-filter=\""PH-T\""]"",""[short-name=\""PH-T\""]"",""[sname=\""PH-T\""]"",""[data-shortname=\""PH-T\""]"",""[data-point-short-name=\""PH-T\""]"",""[data-filter*=\""PH-T\""]"",""[class*=\""bas-floor-graphics-display-point\""]"",""[class*=\""graphics-point-label\""]"",""[class*=\""graphics-point-value\""]"",""[class*=\""graphics-point-notfound\""]"",""use[key-data-attr*=\""pointShortName':'PH-T'\""]"",""use[key-data-attr*=\""pointShortName:\\\""PH-T\\\""\""]""]","[""svg_384_6""]",hide_when_unselected,0.12,generated from template point record; ontology mapping unresolved
CLG-O,,[],CLG-O,"[""svg_120_6""]",[],"[""svg_120_6""]","[""image[href*=\""CLG-O\""]"",""image[xlink\\:href*=\""CLG-O\""]"",""image[href*=\""CLG-O\""]""]","[""g[data-filter=\""CLG-O\""]"",""[short-name=\""CLG-O\""]"",""[sname=\""CLG-O\""]"",""[data-shortname=\""CLG-O\""]"",""[data-point-short-name=\""CLG-O\""]"",""[data-filter*=\""CLG-O\""]"",""[class*=\""bas-floor-graphics-display-point\""]"",""[class*=\""graphics-point-label\""]"",""[class*=\""graphics-point-value\""]"",""[class*=\""graphics-point-notfound\""]"",""use[key-data-attr*=\""pointShortName':'CLG-O'\""]"",""use[key-data-attr*=\""pointShortName:\\\""CLG-O\\\""\""]""]","[""svg_120_6""]",hide_when_unselected,0.12,generated from template point record; ontology mapping unresolved
CLG-POS,,[],CLG-POS,"[""svg_132_6""]",[],"[""svg_132_6""]","[""image[href*=\""CLG-POS\""]"",""image[xlink\\:href*=\""CLG-POS\""]"",""image[href*=\""CLG-POS\""]""]","[""g[data-filter=\""CLG-POS\""]"",""[short-name=\""CLG-POS\""]"",""[sname=\""CLG-POS\""]"",""[data-shortname=\""CLG-POS\""]"",""[data-point-short-name=\""CLG-POS\""]"",""[data-filter*=\""CLG-POS\""]"",""[class*=\""bas-floor-graphics-display-point\""]"",""[class*=\""graphics-point-label\""]"",""[class*=\""graphics-point-value\""]"",""[class*=\""graphics-point-notfound\""]"",""use[key-data-attr*=\""pointShortName':'CLG-POS'\""]"",""use[key-data-attr*=\""pointShortName:\\\""CLG-POS\\\""\""]""]","[""svg_132_6""]",hide_when_unselected,0.12,generated from template point record; ontology mapping unresolved
CC-T,,[],CC-T,"[""svg_194_6""]",[],"[""svg_194_6""]","[""image[href*=\""CC-T\""]"",""image[xlink\\:href*=\""CC-T\""]"",""image[href*=\""CC-T\""]""]","[""g[data-filter=\""CC-T\""]"",""[short-name=\""CC-T\""]"",""[sname=\""CC-T\""]"",""[data-shortname=\""CC-T\""]"",""[data-point-short-name=\""CC-T\""]"",""[data-filter*=\""CC-T\""]"",""[class*=\""bas-floor-graphics-display-point\""]"",""[class*=\""graphics-point-label\""]"",""[class*=\""graphics-point-value\""]"",""[class*=\""graphics-point-notfound\""]"",""use[key-data-attr*=\""pointShortName':'CC-T'\""]"",""use[key-data-attr*=\""pointShortName:\\\""CC-T\\\""\""]""]","[""svg_194_6""]",hide_when_unselected,0.12,generated from template point record; ontology mapping unresolved
RH-O,,[],RH-O,"[""svg_204_6""]",[],"[""svg_204_6""]","[""image[href*=\""RH-O\""]"",""image[xlink\\:href*=\""RH-O\""]"",""image[href*=\""RH-O\""]""]","[""g[data-filter=\""RH-O\""]"",""[short-name=\""RH-O\""]"",""[sname=\""RH-O\""]"",""[data-shortname=\""RH-O\""]"",""[data-point-short-name=\""RH-O\""]"",""[data-filter*=\""RH-O\""]"",""[class*=\""bas-floor-graphics-display-point\""]"",""[class*=\""graphics-point-label\""]"",""[class*=\""graphics-point-value\""]"",""[class*=\""graphics-point-notfound\""]"",""use[key-data-attr*=\""pointShortName':'RH-O'\""]"",""use[key-data-attr*=\""pointShortName:\\\""RH-O\\\""\""]""]","[""svg_204_6""]",hide_when_unselected,0.12,generated from template point record; ontology mapping unresolved
RH-POS,,[],RH-POS,"[""svg_208_6""]",[],"[""svg_208_6""]","[""image[href*=\""RH-POS\""]"",""image[xlink\\:href*=\""RH-POS\""]"",""image[href*=\""RH-POS\""]""]","[""g[data-filter=\""RH-POS\""]"",""[short-name=\""RH-POS\""]"",""[sname=\""RH-POS\""]"",""[data-shortname=\""RH-POS\""]"",""[data-point-short-name=\""RH-POS\""]"",""[data-filter*=\""RH-POS\""]"",""[class*=\""bas-floor-graphics-display-point\""]"",""[class*=\""graphics-point-label\""]"",""[class*=\""graphics-point-value\""]"",""[class*=\""graphics-point-notfound\""]"",""use[key-data-attr*=\""pointShortName':'RH-POS'\""]"",""use[key-data-attr*=\""pointShortName:\\\""RH-POS\\\""\""]""]","[""svg_208_6""]",hide_when_unselected,0.12,generated from template point record; ontology mapping unresolved
RHC-T,,[],RHC-T,"[""svg_227_6""]",[],"[""svg_227_6""]","[""image[href*=\""RHC-T\""]"",""image[xlink\\:href*=\""RHC-T\""]"",""image[href*=\""RHC-T\""]""]","[""g[data-filter=\""RHC-T\""]"",""[short-name=\""RHC-T\""]"",""[sname=\""RHC-T\""]"",""[data-shortname=\""RHC-T\""]"",""[data-point-short-name=\""RHC-T\""]"",""[data-filter*=\""RHC-T\""]"",""[class*=\""bas-floor-graphics-display-point\""]"",""[class*=\""graphics-point-label\""]"",""[class*=\""graphics-point-value\""]"",""[class*=\""graphics-point-notfound\""]"",""use[key-data-attr*=\""pointShortName':'RHC-T'\""]"",""use[key-data-attr*=\""pointShortName:\\\""RHC-T\\\""\""]""]","[""svg_227_6""]",hide_when_unselected,0.12,generated from template point record; ontology mapping unresolved
DAPHI-A,,[],DAPHI-A,"[""svg_394_6""]",[],"[""svg_394_6""]","[""image[href*=\""DAPHI-A\""]"",""image[xlink\\:href*=\""DAPHI-A\""]"",""image[href*=\""DAPHI-A\""]""]","[""g[data-filter=\""DAPHI-A\""]"",""[short-name=\""DAPHI-A\""]"",""[sname=\""DAPHI-A\""]"",""[data-shortname=\""DAPHI-A\""]"",""[data-point-short-name=\""DAPHI-A\""]"",""[data-filter*=\""DAPHI-A\""]"",""[class*=\""bas-floor-graphics-display-point\""]"",""[class*=\""graphics-point-label\""]"",""[class*=\""graphics-point-value\""]"",""[class*=\""graphics-point-notfound\""]"",""use[key-data-attr*=\""pointShortName':'DAPHI-A'\""]"",""use[key-data-attr*=\""pointShortName:\\\""DAPHI-A\\\""\""]""]","[""svg_394_6""]",hide_when_unselected,0.12,generated from template point record; ontology mapping unresolved
FFILT-S,,[],FFILT-S,"[""svg_443_6""]",[],"[""svg_443_6""]","[""image[href*=\""FFILT-S\""]"",""image[xlink\\:href*=\""FFILT-S\""]"",""image[href*=\""FFILT-S\""]""]","[""g[data-filter=\""FFILT-S\""]"",""[short-name=\""FFILT-S\""]"",""[sname=\""FFILT-S\""]"",""[data-shortname=\""FFILT-S\""]"",""[data-point-short-name=\""FFILT-S\""]"",""[data-filter*=\""FFILT-S\""]"",""[class*=\""bas-floor-graphics-display-point\""]"",""[class*=\""graphics-point-label\""]"",""[class*=\""graphics-point-value\""]"",""[class*=\""graphics-point-notfound\""]"",""use[key-data-attr*=\""pointShortName':'FFILT-S'\""]"",""use[key-data-attr*=\""pointShortName:\\\""FFILT-S\\\""\""]""]","[""svg_443_6""]",hide_when_unselected,0.12,generated from template point record; ontology mapping unresolved
DA-SD,,[],DA-SD,"[""svg_445_6""]",[],"[""svg_445_6""]","[""image[href*=\""DA-SD\""]"",""image[xlink\\:href*=\""DA-SD\""]"",""image[href*=\""DA-SD\""]""]","[""g[data-filter=\""DA-SD\""]"",""[short-name=\""DA-SD\""]"",""[sname=\""DA-SD\""]"",""[data-shortname=\""DA-SD\""]"",""[data-point-short-name=\""DA-SD\""]"",""[data-filter*=\""DA-SD\""]"",""[class*=\""bas-floor-graphics-display-point\""]"",""[class*=\""graphics-point-label\""]"",""[class*=\""graphics-point-value\""]"",""[class*=\""graphics-point-notfound\""]"",""use[key-data-attr*=\""pointShortName':'DA-SD'\""]"",""use[key-data-attr*=\""pointShortName:\\\""DA-SD\\\""\""]""]","[""svg_445_6""]",hide_when_unselected,0.12,generated from template point record; ontology mapping unresolved
DA-T,,[],DA-T,"[""svg_449_6""]",[],"[""svg_449_6""]","[""image[href*=\""DA-T\""]"",""image[xlink\\:href*=\""DA-T\""]"",""image[href*=\""DA-T\""]""]","[""g[data-filter=\""DA-T\""]"",""[short-name=\""DA-T\""]"",""[sname=\""DA-T\""]"",""[data-shortname=\""DA-T\""]"",""[data-point-short-name=\""DA-T\""]"",""[data-filter*=\""DA-T\""]"",""[class*=\""bas-floor-graphics-display-point\""]"",""[class*=\""graphics-point-label\""]"",""[class*=\""graphics-point-value\""]"",""[class*=\""graphics-point-notfound\""]"",""use[key-data-attr*=\""pointShortName':'DA-T'\""]"",""use[key-data-attr*=\""pointShortName:\\\""DA-T\\\""\""]""]","[""svg_449_6""]",hide_when_unselected,0.12,generated from template point record; ontology mapping unresolved
DAT-SP,,[],DAT-SP,"[""svg_452_6""]",[],"[""svg_452_6""]","[""image[href*=\""DAT-SP\""]"",""image[xlink\\:href*=\""DAT-SP\""]"",""image[href*=\""DAT-SP\""]""]","[""g[data-filter=\""DAT-SP\""]"",""[short-name=\""DAT-SP\""]"",""[sname=\""DAT-SP\""]"",""[data-shortname=\""DAT-SP\""]"",""[data-point-short-name=\""DAT-SP\""]"",""[data-filter*=\""DAT-SP\""]"",""[class*=\""bas-floor-graphics-display-point\""]"",""[class*=\""graphics-point-label\""]"",""[class*=\""graphics-point-value\""]"",""[class*=\""graphics-point-notfound\""]"",""use[key-data-attr*=\""pointShortName':'DAT-SP'\""]"",""use[key-data-attr*=\""pointShortName:\\\""DAT-SP\\\""\""]""]","[""svg_452_6""]",hide_when_unselected,0.12,generated from template point record; ontology mapping unresolved
CLG7-C,,[],CLG7-C,"[""svg_335_6""]",[],"[""svg_335_6""]","[""image[href*=\""CLG7-C\""]"",""image[xlink\\:href*=\""CLG7-C\""]"",""image[href*=\""CLG7-C\""]""]","[""g[data-filter=\""CLG7-C\""]"",""[short-name=\""CLG7-C\""]"",""[sname=\""CLG7-C\""]"",""[data-shortname=\""CLG7-C\""]"",""[data-point-short-name=\""CLG7-C\""]"",""[data-filter*=\""CLG7-C\""]"",""[class*=\""bas-floor-graphics-display-point\""]"",""[class*=\""graphics-point-label\""]"",""[class*=\""graphics-point-value\""]"",""[class*=\""graphics-point-notfound\""]"",""use[key-data-attr*=\""pointShortName':'CLG7-C'\""]"",""use[key-data-attr*=\""pointShortName:\\\""CLG7-C\\\""\""]""]","[""svg_335_6""]",hide_when_unselected,0.12,generated from template point record; ontology mapping unresolved
CLG8-C,,[],CLG8-C,"[""svg_382_6""]",[],"[""svg_382_6""]","[""image[href*=\""CLG8-C\""]"",""image[xlink\\:href*=\""CLG8-C\""]"",""image[href*=\""CLG8-C\""]""]","[""g[data-filter=\""CLG8-C\""]"",""[short-name=\""CLG8-C\""]"",""[sname=\""CLG8-C\""]"",""[data-shortname=\""CLG8-C\""]"",""[data-point-short-name=\""CLG8-C\""]"",""[data-filter*=\""CLG8-C\""]"",""[class*=\""bas-floor-graphics-display-point\""]"",""[class*=\""graphics-point-label\""]"",""[class*=\""graphics-point-value\""]"",""[class*=\""graphics-point-notfound\""]"",""use[key-data-attr*=\""pointShortName':'CLG8-C'\""]"",""use[key-data-attr*=\""pointShortName:\\\""CLG8-C\\\""\""]""]","[""svg_382_6""]",hide_when_unselected,0.12,generated from template point record; ontology mapping unresolved
CLG6-C,,[],CLG6-C,"[""svg_389_6""]",[],"[""svg_389_6""]","[""image[href*=\""CLG6-C\""]"",""image[xlink\\:href*=\""CLG6-C\""]"",""image[href*=\""CLG6-C\""]""]","[""g[data-filter=\""CLG6-C\""]"",""[short-name=\""CLG6-C\""]"",""[sname=\""CLG6-C\""]"",""[data-shortname=\""CLG6-C\""]"",""[data-point-short-name=\""CLG6-C\""]"",""[data-filter*=\""CLG6-C\""]"",""[class*=\""bas-floor-graphics-display-point\""]"",""[class*=\""graphics-point-label\""]"",""[class*=\""graphics-point-value\""]"",""[class*=\""graphics-point-notfound\""]"",""use[key-data-attr*=\""pointShortName':'CLG6-C'\""]"",""use[key-data-attr*=\""pointShortName:\\\""CLG6-C\\\""\""]""]","[""svg_389_6""]",hide_when_unselected,0.12,generated from template point record; ontology mapping unresolved
CLG5-C,,[],CLG5-C,"[""svg_615_6""]",[],"[""svg_615_6""]","[""image[href*=\""CLG5-C\""]"",""image[xlink\\:href*=\""CLG5-C\""]"",""image[href*=\""CLG5-C\""]""]","[""g[data-filter=\""CLG5-C\""]"",""[short-name=\""CLG5-C\""]"",""[sname=\""CLG5-C\""]"",""[data-shortname=\""CLG5-C\""]"",""[data-point-short-name=\""CLG5-C\""]"",""[data-filter*=\""CLG5-C\""]"",""[class*=\""bas-floor-graphics-display-point\""]"",""[class*=\""graphics-point-label\""]"",""[class*=\""graphics-point-value\""]"",""[class*=\""graphics-point-notfound\""]"",""use[key-data-attr*=\""pointShortName':'CLG5-C'\""]"",""use[key-data-attr*=\""pointShortName:\\\""CLG5-C\\\""\""]""]","[""svg_615_6""]",hide_when_unselected,0.12,generated from template point record; ontology mapping unresolved
CLG4-C,,[],CLG4-C,"[""svg_620_6""]",[],"[""svg_620_6""]","[""image[href*=\""CLG4-C\""]"",""image[xlink\\:href*=\""CLG4-C\""]"",""image[href*=\""CLG4-C\""]""]","[""g[data-filter=\""CLG4-C\""]"",""[short-name=\""CLG4-C\""]"",""[sname=\""CLG4-C\""]"",""[data-shortname=\""CLG4-C\""]"",""[data-point-short-name=\""CLG4-C\""]"",""[data-filter*=\""CLG4-C\""]"",""[class*=\""bas-floor-graphics-display-point\""]"",""[class*=\""graphics-point-label\""]"",""[class*=\""graphics-point-value\""]"",""[class*=\""graphics-point-notfound\""]"",""use[key-data-attr*=\""pointShortName':'CLG4-C'\""]"",""use[key-data-attr*=\""pointShortName:\\\""CLG4-C\\\""\""]""]","[""svg_620_6""]",hide_when_unselected,0.12,generated from template point record; ontology mapping unresolved
CLG3-C,,[],CLG3-C,"[""svg_622_6""]",[],"[""svg_622_6""]","[""image[href*=\""CLG3-C\""]"",""image[xlink\\:href*=\""CLG3-C\""]"",""image[href*=\""CLG3-C\""]""]","[""g[data-filter=\""CLG3-C\""]"",""[short-name=\""CLG3-C\""]"",""[sname=\""CLG3-C\""]"",""[data-shortname=\""CLG3-C\""]"",""[data-point-short-name=\""CLG3-C\""]"",""[data-filter*=\""CLG3-C\""]"",""[class*=\""bas-floor-graphics-display-point\""]"",""[class*=\""graphics-point-label\""]"",""[class*=\""graphics-point-value\""]"",""[class*=\""graphics-point-notfound\""]"",""use[key-data-attr*=\""pointShortName':'CLG3-C'\""]"",""use[key-data-attr*=\""pointShortName:\\\""CLG3-C\\\""\""]""]","[""svg_622_6""]",hide_when_unselected,0.12,generated from template point record; ontology mapping unresolved
CLG2-C,,[],CLG2-C,"[""svg_625_6""]",[],"[""svg_625_6""]","[""image[href*=\""CLG2-C\""]"",""image[xlink\\:href*=\""CLG2-C\""]"",""image[href*=\""CLG2-C\""]""]","[""g[data-filter=\""CLG2-C\""]"",""[short-name=\""CLG2-C\""]"",""[sname=\""CLG2-C\""]"",""[data-shortname=\""CLG2-C\""]"",""[data-point-short-name=\""CLG2-C\""]"",""[data-filter*=\""CLG2-C\""]"",""[class*=\""bas-floor-graphics-display-point\""]"",""[class*=\""graphics-point-label\""]"",""[class*=\""graphics-point-value\""]"",""[class*=\""graphics-point-notfound\""]"",""use[key-data-attr*=\""pointShortName':'CLG2-C'\""]"",""use[key-data-attr*=\""pointShortName:\\\""CLG2-C\\\""\""]""]","[""svg_625_6""]",hide_when_unselected,0.12,generated from template point record; ontology mapping unresolved
CLG1-C,,[],CLG1-C,"[""svg_627_6""]",[],"[""svg_627_6""]","[""image[href*=\""CLG1-C\""]"",""image[xlink\\:href*=\""CLG1-C\""]"",""image[href*=\""CLG1-C\""]""]","[""g[data-filter=\""CLG1-C\""]"",""[short-name=\""CLG1-C\""]"",""[sname=\""CLG1-C\""]"",""[data-shortname=\""CLG1-C\""]"",""[data-point-short-name=\""CLG1-C\""]"",""[data-filter*=\""CLG1-C\""]"",""[class*=\""bas-floor-graphics-display-point\""]"",""[class*=\""graphics-point-label\""]"",""[class*=\""graphics-point-value\""]"",""[class*=\""graphics-point-notfound\""]"",""use[key-data-attr*=\""pointShortName':'CLG1-C'\""]"",""use[key-data-attr*=\""pointShortName:\\\""CLG1-C\\\""\""]""]","[""svg_627_6""]",hide_when_unselected,0.12,generated from template point record; ontology mapping unresolved
RH1-C,,[],RH1-C,"[""svg_72_6""]",[],"[""svg_72_6""]","[""image[href*=\""RH1-C\""]"",""image[xlink\\:href*=\""RH1-C\""]"",""image[href*=\""RH1-C\""]""]","[""g[data-filter=\""RH1-C\""]"",""[short-name=\""RH1-C\""]"",""[sname=\""RH1-C\""]"",""[data-shortname=\""RH1-C\""]"",""[data-point-short-name=\""RH1-C\""]"",""[data-filter*=\""RH1-C\""]"",""[class*=\""bas-floor-graphics-display-point\""]"",""[class*=\""graphics-point-label\""]"",""[class*=\""graphics-point-value\""]"",""[class*=\""graphics-point-notfound\""]"",""use[key-data-attr*=\""pointShortName':'RH1-C'\""]"",""use[key-data-attr*=\""pointShortName:\\\""RH1-C\\\""\""]""]","[""svg_72_6""]",hide_when_unselected,0.12,generated from template point record; ontology mapping unresolved
RH2-C,,[],RH2-C,"[""svg_98_6""]",[],"[""svg_98_6""]","[""image[href*=\""RH2-C\""]"",""image[xlink\\:href*=\""RH2-C\""]"",""image[href*=\""RH2-C\""]""]","[""g[data-filter=\""RH2-C\""]"",""[short-name=\""RH2-C\""]"",""[sname=\""RH2-C\""]"",""[data-shortname=\""RH2-C\""]"",""[data-point-short-name=\""RH2-C\""]"",""[data-filter*=\""RH2-C\""]"",""[class*=\""bas-floor-graphics-display-point\""]"",""[class*=\""graphics-point-label\""]"",""[class*=\""graphics-point-value\""]"",""[class*=\""graphics-point-notfound\""]"",""use[key-data-attr*=\""pointShortName':'RH2-C'\""]"",""use[key-data-attr*=\""pointShortName:\\\""RH2-C\\\""\""]""]","[""svg_98_6""]",hide_when_unselected,0.12,generated from template point record; ontology mapping unresolved
RH3-C,,[],RH3-C,"[""svg_100_6""]",[],"[""svg_100_6""]","[""image[href*=\""RH3-C\""]"",""image[xlink\\:href*=\""RH3-C\""]"",""image[href*=\""RH3-C\""]""]","[""g[data-filter=\""RH3-C\""]"",""[short-name=\""RH3-C\""]"",""[sname=\""RH3-C\""]"",""[data-shortname=\""RH3-C\""]"",""[data-point-short-name=\""RH3-C\""]"",""[data-filter*=\""RH3-C\""]"",""[class*=\""bas-floor-graphics-display-point\""]"",""[class*=\""graphics-point-label\""]"",""[class*=\""graphics-point-value\""]"",""[class*=\""graphics-point-notfound\""]"",""use[key-data-attr*=\""pointShortName':'RH3-C'\""]"",""use[key-data-attr*=\""pointShortName:\\\""RH3-C\\\""\""]""]","[""svg_100_6""]",hide_when_unselected,0.12,generated from template point record; ontology mapping unresolved
RH4-C,,[],RH4-C,"[""svg_284_6""]",[],"[""svg_284_6""]","[""image[href*=\""RH4-C\""]"",""image[xlink\\:href*=\""RH4-C\""]"",""image[href*=\""RH4-C\""]""]","[""g[data-filter=\""RH4-C\""]"",""[short-name=\""RH4-C\""]"",""[sname=\""RH4-C\""]"",""[data-shortname=\""RH4-C\""]"",""[data-point-short-name=\""RH4-C\""]"",""[data-filter*=\""RH4-C\""]"",""[class*=\""bas-floor-graphics-display-point\""]"",""[class*=\""graphics-point-label\""]"",""[class*=\""graphics-point-value\""]"",""[class*=\""graphics-point-notfound\""]"",""use[key-data-attr*=\""pointShortName':'RH4-C'\""]"",""use[key-data-attr*=\""pointShortName:\\\""RH4-C\\\""\""]""]","[""svg_284_6""]",hide_when_unselected,0.12,generated from template point record; ontology mapping unresolved
RH6-C,,[],RH6-C,"[""svg_286_6""]",[],"[""svg_286_6""]","[""image[href*=\""RH6-C\""]"",""image[xlink\\:href*=\""RH6-C\""]"",""image[href*=\""RH6-C\""]""]","[""g[data-filter=\""RH6-C\""]"",""[short-name=\""RH6-C\""]"",""[sname=\""RH6-C\""]"",""[data-shortname=\""RH6-C\""]"",""[data-point-short-name=\""RH6-C\""]"",""[data-filter*=\""RH6-C\""]"",""[class*=\""bas-floor-graphics-display-point\""]"",""[class*=\""graphics-point-label\""]"",""[class*=\""graphics-point-value\""]"",""[class*=\""graphics-point-notfound\""]"",""use[key-data-attr*=\""pointShortName':'RH6-C'\""]"",""use[key-data-attr*=\""pointShortName:\\\""RH6-C\\\""\""]""]","[""svg_286_6""]",hide_when_unselected,0.12,generated from template point record; ontology mapping unresolved
RH7-C,,[],RH7-C,"[""svg_288_6""]",[],"[""svg_288_6""]","[""image[href*=\""RH7-C\""]"",""image[xlink\\:href*=\""RH7-C\""]"",""image[href*=\""RH7-C\""]""]","[""g[data-filter=\""RH7-C\""]"",""[short-name=\""RH7-C\""]"",""[sname=\""RH7-C\""]"",""[data-shortname=\""RH7-C\""]"",""[data-point-short-name=\""RH7-C\""]"",""[data-filter*=\""RH7-C\""]"",""[class*=\""bas-floor-graphics-display-point\""]"",""[class*=\""graphics-point-label\""]"",""[class*=\""graphics-point-value\""]"",""[class*=\""graphics-point-notfound\""]"",""use[key-data-attr*=\""pointShortName':'RH7-C'\""]"",""use[key-data-attr*=\""pointShortName:\\\""RH7-C\\\""\""]""]","[""svg_288_6""]",hide_when_unselected,0.12,generated from template point record; ontology mapping unresolved
RH8-C,,[],RH8-C,"[""svg_290_6""]",[],"[""svg_290_6""]","[""image[href*=\""RH8-C\""]"",""image[xlink\\:href*=\""RH8-C\""]"",""image[href*=\""RH8-C\""]""]","[""g[data-filter=\""RH8-C\""]"",""[short-name=\""RH8-C\""]"",""[sname=\""RH8-C\""]"",""[data-shortname=\""RH8-C\""]"",""[data-point-short-name=\""RH8-C\""]"",""[data-filter*=\""RH8-C\""]"",""[class*=\""bas-floor-graphics-display-point\""]"",""[class*=\""graphics-point-label\""]"",""[class*=\""graphics-point-value\""]"",""[class*=\""graphics-point-notfound\""]"",""use[key-data-attr*=\""pointShortName':'RH8-C'\""]"",""use[key-data-attr*=\""pointShortName:\\\""RH8-C\\\""\""]""]","[""svg_290_6""]",hide_when_unselected,0.12,generated from template point record; ontology mapping unresolved
RH5-C,,[],RH5-C,"[""svg_292_6""]",[],"[""svg_292_6""]","[""image[href*=\""RH5-C\""]"",""image[xlink\\:href*=\""RH5-C\""]"",""image[href*=\""RH5-C\""]""]","[""g[data-filter=\""RH5-C\""]"",""[short-name=\""RH5-C\""]"",""[sname=\""RH5-C\""]"",""[data-shortname=\""RH5-C\""]"",""[data-point-short-name=\""RH5-C\""]"",""[data-filter*=\""RH5-C\""]"",""[class*=\""bas-floor-graphics-display-point\""]"",""[class*=\""graphics-point-label\""]"",""[class*=\""graphics-point-value\""]"",""[class*=\""graphics-point-notfound\""]"",""use[key-data-attr*=\""pointShortName':'RH5-C'\""]"",""use[key-data-attr*=\""pointShortName:\\\""RH5-C\\\""\""]""]","[""svg_292_6""]",hide_when_unselected,0.12,generated from template point record; ontology mapping unresolved
RA-F,,[],RA-F,"[""svg_11_6""]",[],"[""svg_11_6""]","[""image[href*=\""RA-F\""]"",""image[xlink\\:href*=\""RA-F\""]"",""image[href*=\""RA-F\""]""]","[""g[data-filter=\""RA-F\""]"",""[short-name=\""RA-F\""]"",""[sname=\""RA-F\""]"",""[data-shortname=\""RA-F\""]"",""[data-point-short-name=\""RA-F\""]"",""[data-filter*=\""RA-F\""]"",""[class*=\""bas-floor-graphics-display-point\""]"",""[class*=\""graphics-point-label\""]"",""[class*=\""graphics-point-value\""]"",""[class*=\""graphics-point-notfound\""]"",""use[key-data-attr*=\""pointShortName':'RA-F'\""]"",""use[key-data-attr*=\""pointShortName:\\\""RA-F\\\""\""]""]","[""svg_11_6""]",hide_when_unselected,0.12,generated from template point record; ontology mapping unresolved
MOA-F,,[],MOA-F,"[""svg_361_6""]",[],"[""svg_361_6""]","[""image[href*=\""MOA-F\""]"",""image[xlink\\:href*=\""MOA-F\""]"",""image[href*=\""MOA-F\""]""]","[""g[data-filter=\""MOA-F\""]"",""[short-name=\""MOA-F\""]"",""[sname=\""MOA-F\""]"",""[data-shortname=\""MOA-F\""]"",""[data-point-short-name=\""MOA-F\""]"",""[data-filter*=\""MOA-F\""]"",""[class*=\""bas-floor-graphics-display-point\""]"",""[class*=\""graphics-point-label\""]"",""[class*=\""graphics-point-value\""]"",""[class*=\""graphics-point-notfound\""]"",""use[key-data-attr*=\""pointShortName':'MOA-F'\""]"",""use[key-data-attr*=\""pointShortName:\\\""MOA-F\\\""\""]""]","[""svg_361_6""]",hide_when_unselected,0.12,generated from template point record; ontology mapping unresolved
PH1-C,,[],PH1-C,"[""svg_35_6""]",[],"[""svg_35_6""]","[""image[href*=\""PH1-C\""]"",""image[xlink\\:href*=\""PH1-C\""]"",""image[href*=\""PH1-C\""]""]","[""g[data-filter=\""PH1-C\""]"",""[short-name=\""PH1-C\""]"",""[sname=\""PH1-C\""]"",""[data-shortname=\""PH1-C\""]"",""[data-point-short-name=\""PH1-C\""]"",""[data-filter*=\""PH1-C\""]"",""[class*=\""bas-floor-graphics-display-point\""]"",""[class*=\""graphics-point-label\""]"",""[class*=\""graphics-point-value\""]"",""[class*=\""graphics-point-notfound\""]"",""use[key-data-attr*=\""pointShortName':'PH1-C'\""]"",""use[key-data-attr*=\""pointShortName:\\\""PH1-C\\\""\""]""]","[""svg_35_6""]",hide_when_unselected,0.12,generated from template point record; ontology mapping unresolved
PH2-C,,[],PH2-C,"[""svg_37_6""]",[],"[""svg_37_6""]","[""image[href*=\""PH2-C\""]"",""image[xlink\\:href*=\""PH2-C\""]"",""image[href*=\""PH2-C\""]""]","[""g[data-filter=\""PH2-C\""]"",""[short-name=\""PH2-C\""]"",""[sname=\""PH2-C\""]"",""[data-shortname=\""PH2-C\""]"",""[data-point-short-name=\""PH2-C\""]"",""[data-filter*=\""PH2-C\""]"",""[class*=\""bas-floor-graphics-display-point\""]"",""[class*=\""graphics-point-label\""]"",""[class*=\""graphics-point-value\""]"",""[class*=\""graphics-point-notfound\""]"",""use[key-data-attr*=\""pointShortName':'PH2-C'\""]"",""use[key-data-attr*=\""pointShortName:\\\""PH2-C\\\""\""]""]","[""svg_37_6""]",hide_when_unselected,0.12,generated from template point record; ontology mapping unresolved
PH3-C,,[],PH3-C,"[""svg_39_6""]",[],"[""svg_39_6""]","[""image[href*=\""PH3-C\""]"",""image[xlink\\:href*=\""PH3-C\""]"",""image[href*=\""PH3-C\""]""]","[""g[data-filter=\""PH3-C\""]"",""[short-name=\""PH3-C\""]"",""[sname=\""PH3-C\""]"",""[data-shortname=\""PH3-C\""]"",""[data-point-short-name=\""PH3-C\""]"",""[data-filter*=\""PH3-C\""]"",""[class*=\""bas-floor-graphics-display-point\""]"",""[class*=\""graphics-point-label\""]"",""[class*=\""graphics-point-value\""]"",""[class*=\""graphics-point-notfound\""]"",""use[key-data-attr*=\""pointShortName':'PH3-C'\""]"",""use[key-data-attr*=\""pointShortName:\\\""PH3-C\\\""\""]""]","[""svg_39_6""]",hide_when_unselected,0.12,generated from template point record; ontology mapping unresolved
PH4-C,,[],PH4-C,"[""svg_41_6""]",[],"[""svg_41_6""]","[""image[href*=\""PH4-C\""]"",""image[xlink\\:href*=\""PH4-C\""]"",""image[href*=\""PH4-C\""]""]","[""g[data-filter=\""PH4-C\""]"",""[short-name=\""PH4-C\""]"",""[sname=\""PH4-C\""]"",""[data-shortname=\""PH4-C\""]"",""[data-point-short-name=\""PH4-C\""]"",""[data-filter*=\""PH4-C\""]"",""[class*=\""bas-floor-graphics-display-point\""]"",""[class*=\""graphics-point-label\""]"",""[class*=\""graphics-point-value\""]"",""[class*=\""graphics-point-notfound\""]"",""use[key-data-attr*=\""pointShortName':'PH4-C'\""]"",""use[key-data-attr*=\""pointShortName:\\\""PH4-C\\\""\""]""]","[""svg_41_6""]",hide_when_unselected,0.12,generated from template point record; ontology mapping unresolved
PH5-C,,[],PH5-C,"[""svg_194_6""]",[],"[""svg_194_6""]","[""image[href*=\""PH5-C\""]"",""image[xlink\\:href*=\""PH5-C\""]"",""image[href*=\""PH5-C\""]""]","[""g[data-filter=\""PH5-C\""]"",""[short-name=\""PH5-C\""]"",""[sname=\""PH5-C\""]"",""[data-shortname=\""PH5-C\""]"",""[data-point-short-name=\""PH5-C\""]"",""[data-filter*=\""PH5-C\""]"",""[class*=\""bas-floor-graphics-display-point\""]"",""[class*=\""graphics-point-label\""]"",""[class*=\""graphics-point-value\""]"",""[class*=\""graphics-point-notfound\""]"",""use[key-data-attr*=\""pointShortName':'PH5-C'\""]"",""use[key-data-attr*=\""pointShortName:\\\""PH5-C\\\""\""]""]","[""svg_194_6""]",hide_when_unselected,0.12,generated from template point record; ontology mapping unresolved
PH6-C,,[],PH6-C,"[""svg_212_6""]",[],"[""svg_212_6""]","[""image[href*=\""PH6-C\""]"",""image[xlink\\:href*=\""PH6-C\""]"",""image[href*=\""PH6-C\""]""]","[""g[data-filter=\""PH6-C\""]"",""[short-name=\""PH6-C\""]"",""[sname=\""PH6-C\""]"",""[data-shortname=\""PH6-C\""]"",""[data-point-short-name=\""PH6-C\""]"",""[data-filter*=\""PH6-C\""]"",""[class*=\""bas-floor-graphics-display-point\""]"",""[class*=\""graphics-point-label\""]"",""[class*=\""graphics-point-value\""]"",""[class*=\""graphics-point-notfound\""]"",""use[key-data-attr*=\""pointShortName':'PH6-C'\""]"",""use[key-data-attr*=\""pointShortName:\\\""PH6-C\\\""\""]""]","[""svg_212_6""]",hide_when_unselected,0.12,generated from template point record; ontology mapping unresolved
PH7-C,,[],PH7-C,"[""svg_214_6""]",[],"[""svg_214_6""]","[""image[href*=\""PH7-C\""]"",""image[xlink\\:href*=\""PH7-C\""]"",""image[href*=\""PH7-C\""]""]","[""g[data-filter=\""PH7-C\""]"",""[short-name=\""PH7-C\""]"",""[sname=\""PH7-C\""]"",""[data-shortname=\""PH7-C\""]"",""[data-point-short-name=\""PH7-C\""]"",""[data-filter*=\""PH7-C\""]"",""[class*=\""bas-floor-graphics-display-point\""]"",""[class*=\""graphics-point-label\""]"",""[class*=\""graphics-point-value\""]"",""[class*=\""graphics-point-notfound\""]"",""use[key-data-attr*=\""pointShortName':'PH7-C'\""]"",""use[key-data-attr*=\""pointShortName:\\\""PH7-C\\\""\""]""]","[""svg_214_6""]",hide_when_unselected,0.12,generated from template point record; ontology mapping unresolved
PH8-C,,[],PH8-C,"[""svg_216_6""]",[],"[""svg_216_6""]","[""image[href*=\""PH8-C\""]"",""image[xlink\\:href*=\""PH8-C\""]"",""image[href*=\""PH8-C\""]""]","[""g[data-filter=\""PH8-C\""]"",""[short-name=\""PH8-C\""]"",""[sname=\""PH8-C\""]"",""[data-shortname=\""PH8-C\""]"",""[data-point-short-name=\""PH8-C\""]"",""[data-filter*=\""PH8-C\""]"",""[class*=\""bas-floor-graphics-display-point\""]"",""[class*=\""graphics-point-label\""]"",""[class*=\""graphics-point-value\""]"",""[class*=\""graphics-point-notfound\""]"",""use[key-data-attr*=\""pointShortName':'PH8-C'\""]"",""use[key-data-attr*=\""pointShortName:\\\""PH8-C\\\""\""]""]","[""svg_216_6""]",hide_when_unselected,0.12,generated from template point record; ontology mapping unresolved
OA-F,,[],OA-F,"[""svg_55_6""]",[],"[""svg_55_6""]","[""image[href*=\""OA-F\""]"",""image[xlink\\:href*=\""OA-F\""]"",""image[href*=\""OA-F\""]""]","[""g[data-filter=\""OA-F\""]"",""[short-name=\""OA-F\""]"",""[sname=\""OA-F\""]"",""[data-shortname=\""OA-F\""]"",""[data-point-short-name=\""OA-F\""]"",""[data-filter*=\""OA-F\""]"",""[class*=\""bas-floor-graphics-display-point\""]"",""[class*=\""graphics-point-label\""]"",""[class*=\""graphics-point-value\""]"",""[class*=\""graphics-point-notfound\""]"",""use[key-data-attr*=\""pointShortName':'OA-F'\""]"",""use[key-data-attr*=\""pointShortName:\\\""OA-F\\\""\""]""]","[""svg_55_6""]",hide_when_unselected,0.12,generated from template point record; ontology mapping unresolved
PHWL-T,,[],PHWL-T,"[""svg_299_6""]",[],"[""svg_299_6""]","[""image[href*=\""PHWL-T\""]"",""image[xlink\\:href*=\""PHWL-T\""]"",""image[href*=\""PHWL-T\""]""]","[""g[data-filter=\""PHWL-T\""]"",""[short-name=\""PHWL-T\""]"",""[sname=\""PHWL-T\""]"",""[data-shortname=\""PHWL-T\""]"",""[data-point-short-name=\""PHWL-T\""]"",""[data-filter*=\""PHWL-T\""]"",""[class*=\""bas-floor-graphics-display-point\""]"",""[class*=\""graphics-point-label\""]"",""[class*=\""graphics-point-value\""]"",""[class*=\""graphics-point-notfound\""]"",""use[key-data-attr*=\""pointShortName':'PHWL-T'\""]"",""use[key-data-attr*=\""pointShortName:\\\""PHWL-T\\\""\""]""]","[""svg_299_6""]",hide_when_unselected,0.12,generated from template point record; ontology mapping unresolved
PHWE-T,,[],PHWE-T,"[""svg_303_6""]",[],"[""svg_303_6""]","[""image[href*=\""PHWE-T\""]"",""image[xlink\\:href*=\""PHWE-T\""]"",""image[href*=\""PHWE-T\""]""]","[""g[data-filter=\""PHWE-T\""]"",""[short-name=\""PHWE-T\""]"",""[sname=\""PHWE-T\""]"",""[data-shortname=\""PHWE-T\""]"",""[data-point-short-name=\""PHWE-T\""]"",""[data-filter*=\""PHWE-T\""]"",""[class*=\""bas-floor-graphics-display-point\""]"",""[class*=\""graphics-point-label\""]"",""[class*=\""graphics-point-value\""]"",""[class*=\""graphics-point-notfound\""]"",""use[key-data-attr*=\""pointShortName':'PHWE-T'\""]"",""use[key-data-attr*=\""pointShortName:\\\""PHWE-T\\\""\""]""]","[""svg_303_6""]",hide_when_unselected,0.12,generated from template point record; ontology mapping unresolved
CCWL-T,,[],CCWL-T,"[""svg_491_6""]",[],"[""svg_491_6""]","[""image[href*=\""CCWL-T\""]"",""image[xlink\\:href*=\""CCWL-T\""]"",""image[href*=\""CCWL-T\""]""]","[""g[data-filter=\""CCWL-T\""]"",""[short-name=\""CCWL-T\""]"",""[sname=\""CCWL-T\""]"",""[data-shortname=\""CCWL-T\""]"",""[data-point-short-name=\""CCWL-T\""]"",""[data-filter*=\""CCWL-T\""]"",""[class*=\""bas-floor-graphics-display-point\""]"",""[class*=\""graphics-point-label\""]"",""[class*=\""graphics-point-value\""]"",""[class*=\""graphics-point-notfound\""]"",""use[key-data-attr*=\""pointShortName':'CCWL-T'\""]"",""use[key-data-attr*=\""pointShortName:\\\""CCWL-T\\\""\""]""]","[""svg_491_6""]",hide_when_unselected,0.12,generated from template point record; ontology mapping unresolved
CCWE-T,,[],CCWE-T,"[""svg_498_6""]",[],"[""svg_498_6""]","[""image[href*=\""CCWE-T\""]"",""image[xlink\\:href*=\""CCWE-T\""]"",""image[href*=\""CCWE-T\""]""]","[""g[data-filter=\""CCWE-T\""]"",""[short-name=\""CCWE-T\""]"",""[sname=\""CCWE-T\""]"",""[data-shortname=\""CCWE-T\""]"",""[data-point-short-name=\""CCWE-T\""]"",""[data-filter*=\""CCWE-T\""]"",""[class*=\""bas-floor-graphics-display-point\""]"",""[class*=\""graphics-point-label\""]"",""[class*=\""graphics-point-value\""]"",""[class*=\""graphics-point-notfound\""]"",""use[key-data-attr*=\""pointShortName':'CCWE-T'\""]"",""use[key-data-attr*=\""pointShortName:\\\""CCWE-T\\\""\""]""]","[""svg_498_6""]",hide_when_unselected,0.12,generated from template point record; ontology mapping unresolved
RHWL-T,,[],RHWL-T,"[""svg_561_6""]",[],"[""svg_561_6""]","[""image[href*=\""RHWL-T\""]"",""image[xlink\\:href*=\""RHWL-T\""]"",""image[href*=\""RHWL-T\""]""]","[""g[data-filter=\""RHWL-T\""]"",""[short-name=\""RHWL-T\""]"",""[sname=\""RHWL-T\""]"",""[data-shortname=\""RHWL-T\""]"",""[data-point-short-name=\""RHWL-T\""]"",""[data-filter*=\""RHWL-T\""]"",""[class*=\""bas-floor-graphics-display-point\""]"",""[class*=\""graphics-point-label\""]"",""[class*=\""graphics-point-value\""]"",""[class*=\""graphics-point-notfound\""]"",""use[key-data-attr*=\""pointShortName':'RHWL-T'\""]"",""use[key-data-attr*=\""pointShortName:\\\""RHWL-T\\\""\""]""]","[""svg_561_6""]",hide_when_unselected,0.12,generated from template point record; ontology mapping unresolved
RHWE-T,,[],RHWE-T,"[""svg_563_6""]",[],"[""svg_563_6""]","[""image[href*=\""RHWE-T\""]"",""image[xlink\\:href*=\""RHWE-T\""]"",""image[href*=\""RHWE-T\""]""]","[""g[data-filter=\""RHWE-T\""]"",""[short-name=\""RHWE-T\""]"",""[sname=\""RHWE-T\""]"",""[data-shortname=\""RHWE-T\""]"",""[data-point-short-name=\""RHWE-T\""]"",""[data-filter*=\""RHWE-T\""]"",""[class*=\""bas-floor-graphics-display-point\""]"",""[class*=\""graphics-point-label\""]"",""[class*=\""graphics-point-value\""]"",""[class*=\""graphics-point-notfound\""]"",""use[key-data-attr*=\""pointShortName':'RHWE-T'\""]"",""use[key-data-attr*=\""pointShortName:\\\""RHWE-T\\\""\""]""]","[""svg_563_6""]",hide_when_unselected,0.12,generated from template point record; ontology mapping unresolved
DA1-P,,[],DA1-P,"[""svg_119_6""]",[],"[""svg_119_6""]","[""image[href*=\""DA1-P\""]"",""image[xlink\\:href*=\""DA1-P\""]"",""image[href*=\""DA1-P\""]""]","[""g[data-filter=\""DA1-P\""]"",""[short-name=\""DA1-P\""]"",""[sname=\""DA1-P\""]"",""[data-shortname=\""DA1-P\""]"",""[data-point-short-name=\""DA1-P\""]"",""[data-filter*=\""DA1-P\""]"",""[class*=\""bas-floor-graphics-display-point\""]"",""[class*=\""graphics-point-label\""]"",""[class*=\""graphics-point-value\""]"",""[class*=\""graphics-point-notfound\""]"",""use[key-data-attr*=\""pointShortName':'DA1-P'\""]"",""use[key-data-attr*=\""pointShortName:\\\""DA1-P\\\""\""]""]","[""svg_119_6""]",hide_when_unselected,0.12,generated from template point record; ontology mapping unresolved
DAP-SP,,[],DAP-SP,"[""svg_203_6""]",[],"[""svg_203_6""]","[""image[href*=\""DAP-SP\""]"",""image[xlink\\:href*=\""DAP-SP\""]"",""image[href*=\""DAP-SP\""]""]","[""g[data-filter=\""DAP-SP\""]"",""[short-name=\""DAP-SP\""]"",""[sname=\""DAP-SP\""]"",""[data-shortname=\""DAP-SP\""]"",""[data-point-short-name=\""DAP-SP\""]"",""[data-filter*=\""DAP-SP\""]"",""[class*=\""bas-floor-graphics-display-point\""]"",""[class*=\""graphics-point-label\""]"",""[class*=\""graphics-point-value\""]"",""[class*=\""graphics-point-notfound\""]"",""use[key-data-attr*=\""pointShortName':'DAP-SP'\""]"",""use[key-data-attr*=\""pointShortName:\\\""DAP-SP\\\""\""]""]","[""svg_203_6""]",hide_when_unselected,0.12,generated from template point record; ontology mapping unresolved
SF-S,,[],SF-S,"[""svg_265_6""]",[],"[""svg_265_6""]","[""image[href*=\""SF-S\""]"",""image[xlink\\:href*=\""SF-S\""]"",""image[href*=\""SF-S\""]""]","[""g[data-filter=\""SF-S\""]"",""[short-name=\""SF-S\""]"",""[sname=\""SF-S\""]"",""[data-shortname=\""SF-S\""]"",""[data-point-short-name=\""SF-S\""]"",""[data-filter*=\""SF-S\""]"",""[class*=\""bas-floor-graphics-display-point\""]"",""[class*=\""graphics-point-label\""]"",""[class*=\""graphics-point-value\""]"",""[class*=\""graphics-point-notfound\""]"",""use[key-data-attr*=\""pointShortName':'SF-S'\""]"",""use[key-data-attr*=\""pointShortName:\\\""SF-S\\\""\""]""]","[""svg_265_6""]",hide_when_unselected,0.12,generated from template point record; ontology mapping unresolved
SF-C,,[],SF-C,"[""svg_407_6""]",[],"[""svg_407_6""]","[""image[href*=\""SF-C\""]"",""image[xlink\\:href*=\""SF-C\""]"",""image[href*=\""SF-C\""]""]","[""g[data-filter=\""SF-C\""]"",""[short-name=\""SF-C\""]"",""[sname=\""SF-C\""]"",""[data-shortname=\""SF-C\""]"",""[data-point-short-name=\""SF-C\""]"",""[data-filter*=\""SF-C\""]"",""[class*=\""bas-floor-graphics-display-point\""]"",""[class*=\""graphics-point-label\""]"",""[class*=\""graphics-point-value\""]"",""[class*=\""graphics-point-notfound\""]"",""use[key-data-attr*=\""pointShortName':'SF-C'\""]"",""use[key-data-attr*=\""pointShortName:\\\""SF-C\\\""\""]""]","[""svg_407_6""]",hide_when_unselected,0.12,generated from template point record; ontology mapping unresolved
SF-O,,[],SF-O,"[""svg_409_6""]",[],"[""svg_409_6""]","[""image[href*=\""SF-O\""]"",""image[xlink\\:href*=\""SF-O\""]"",""image[href*=\""SF-O\""]""]","[""g[data-filter=\""SF-O\""]"",""[short-name=\""SF-O\""]"",""[sname=\""SF-O\""]"",""[data-shortname=\""SF-O\""]"",""[data-point-short-name=\""SF-O\""]"",""[data-filter*=\""SF-O\""]"",""[class*=\""bas-floor-graphics-display-point\""]"",""[class*=\""graphics-point-label\""]"",""[class*=\""graphics-point-value\""]"",""[class*=\""graphics-point-notfound\""]"",""use[key-data-attr*=\""pointShortName':'SF-O'\""]"",""use[key-data-attr*=\""pointShortName:\\\""SF-O\\\""\""]""]","[""svg_409_6""]",hide_when_unselected,0.12,generated from template point record; ontology mapping unresolved
LT-A,,[],LT-A,"[""svg_465_6""]",[],"[""svg_465_6""]","[""image[href*=\""LT-A\""]"",""image[xlink\\:href*=\""LT-A\""]"",""image[href*=\""LT-A\""]""]","[""g[data-filter=\""LT-A\""]"",""[short-name=\""LT-A\""]"",""[sname=\""LT-A\""]"",""[data-shortname=\""LT-A\""]"",""[data-point-short-name=\""LT-A\""]"",""[data-filter*=\""LT-A\""]"",""[class*=\""bas-floor-graphics-display-point\""]"",""[class*=\""graphics-point-label\""]"",""[class*=\""graphics-point-value\""]"",""[class*=\""graphics-point-notfound\""]"",""use[key-data-attr*=\""pointShortName':'LT-A'\""]"",""use[key-data-attr*=\""pointShortName:\\\""LT-A\\\""\""]""]","[""svg_465_6""]",hide_when_unselected,0.12,generated from template point record; ontology mapping unresolved
MAD-O,,[],MAD-O,"[""svg_34""]",[],"[""svg_34""]","[""image[href*=\""MAD-O\""]"",""image[xlink\\:href*=\""MAD-O\""]"",""image[href*=\""MAD-O\""]""]","[""g[data-filter=\""MAD-O\""]"",""[short-name=\""MAD-O\""]"",""[sname=\""MAD-O\""]"",""[data-shortname=\""MAD-O\""]"",""[data-point-short-name=\""MAD-O\""]"",""[data-filter*=\""MAD-O\""]"",""[class*=\""bas-floor-graphics-display-point\""]"",""[class*=\""graphics-point-label\""]"",""[class*=\""graphics-point-value\""]"",""[class*=\""graphics-point-notfound\""]"",""use[key-data-attr*=\""pointShortName':'MAD-O'\""]"",""use[key-data-attr*=\""pointShortName:\\\""MAD-O\\\""\""]""]","[""svg_34""]",hide_when_unselected,0.12,generated from template point record; ontology mapping unresolved
OA-F,,[],OA-F,"[""svg_157""]",[],"[""svg_157""]","[""image[href*=\""OA-F\""]"",""image[xlink\\:href*=\""OA-F\""]"",""image[href*=\""OA-F\""]""]","[""g[data-filter=\""OA-F\""]"",""[short-name=\""OA-F\""]"",""[sname=\""OA-F\""]"",""[data-shortname=\""OA-F\""]"",""[data-point-short-name=\""OA-F\""]"",""[data-filter*=\""OA-F\""]"",""[class*=\""bas-floor-graphics-display-point\""]"",""[class*=\""graphics-point-label\""]"",""[class*=\""graphics-point-value\""]"",""[class*=\""graphics-point-notfound\""]"",""use[key-data-attr*=\""pointShortName':'OA-F'\""]"",""use[key-data-attr*=\""pointShortName:\\\""OA-F\\\""\""]""]","[""svg_157""]",hide_when_unselected,0.12,generated from template point record; ontology mapping unresolved
MOAD-S,,[],MOAD-S,"[""svg_169""]",[],"[""svg_169""]","[""image[href*=\""MOAD-S\""]"",""image[xlink\\:href*=\""MOAD-S\""]"",""image[href*=\""MOAD-S\""]""]","[""g[data-filter=\""MOAD-S\""]"",""[short-name=\""MOAD-S\""]"",""[sname=\""MOAD-S\""]"",""[data-shortname=\""MOAD-S\""]"",""[data-point-short-name=\""MOAD-S\""]"",""[data-filter*=\""MOAD-S\""]"",""[class*=\""bas-floor-graphics-display-point\""]"",""[class*=\""graphics-point-label\""]"",""[class*=\""graphics-point-value\""]"",""[class*=\""graphics-point-notfound\""]"",""use[key-data-attr*=\""pointShortName':'MOAD-S'\""]"",""use[key-data-attr*=\""pointShortName:\\\""MOAD-S\\\""\""]""]","[""svg_169""]",hide_when_unselected,0.12,generated from template point record; ontology mapping unresolved
MOAD-C,,[],MOAD-C,"[""svg_171""]",[],"[""svg_171""]","[""image[href*=\""MOAD-C\""]"",""image[xlink\\:href*=\""MOAD-C\""]"",""image[href*=\""MOAD-C\""]""]","[""g[data-filter=\""MOAD-C\""]"",""[short-name=\""MOAD-C\""]"",""[sname=\""MOAD-C\""]"",""[data-shortname=\""MOAD-C\""]"",""[data-point-short-name=\""MOAD-C\""]"",""[data-filter*=\""MOAD-C\""]"",""[class*=\""bas-floor-graphics-display-point\""]"",""[class*=\""graphics-point-label\""]"",""[class*=\""graphics-point-value\""]"",""[class*=\""graphics-point-notfound\""]"",""use[key-data-attr*=\""pointShortName':'MOAD-C'\""]"",""use[key-data-attr*=\""pointShortName:\\\""MOAD-C\\\""\""]""]","[""svg_171""]",hide_when_unselected,0.12,generated from template point record; ontology mapping unresolved
MOA-F,,[],MOA-F,"[""svg_173""]",[],"[""svg_173""]","[""image[href*=\""MOA-F\""]"",""image[xlink\\:href*=\""MOA-F\""]"",""image[href*=\""MOA-F\""]""]","[""g[data-filter=\""MOA-F\""]"",""[short-name=\""MOA-F\""]"",""[sname=\""MOA-F\""]"",""[data-shortname=\""MOA-F\""]"",""[data-point-short-name=\""MOA-F\""]"",""[data-filter*=\""MOA-F\""]"",""[class*=\""bas-floor-graphics-display-point\""]"",""[class*=\""graphics-point-label\""]"",""[class*=\""graphics-point-value\""]"",""[class*=\""graphics-point-notfound\""]"",""use[key-data-attr*=\""pointShortName':'MOA-F'\""]"",""use[key-data-attr*=\""pointShortName:\\\""MOA-F\\\""\""]""]","[""svg_173""]",hide_when_unselected,0.12,generated from template point record; ontology mapping unresolved
MA-T,,[],MA-T,"[""svg_378""]",[],"[""svg_378""]","[""image[href*=\""MA-T\""]"",""image[xlink\\:href*=\""MA-T\""]"",""image[href*=\""MA-T\""]""]","[""g[data-filter=\""MA-T\""]"",""[short-name=\""MA-T\""]"",""[sname=\""MA-T\""]"",""[data-shortname=\""MA-T\""]"",""[data-point-short-name=\""MA-T\""]"",""[data-filter*=\""MA-T\""]"",""[class*=\""bas-floor-graphics-display-point\""]"",""[class*=\""graphics-point-label\""]"",""[class*=\""graphics-point-value\""]"",""[class*=\""graphics-point-notfound\""]"",""use[key-data-attr*=\""pointShortName':'MA-T'\""]"",""use[key-data-attr*=\""pointShortName:\\\""MA-T\\\""\""]""]","[""svg_378""]",hide_when_unselected,0.12,generated from template point record; ontology mapping unresolved
PH1-C,,[],PH1-C,"[""svg_380""]",[],"[""svg_380""]","[""image[href*=\""PH1-C\""]"",""image[xlink\\:href*=\""PH1-C\""]"",""image[href*=\""PH1-C\""]""]","[""g[data-filter=\""PH1-C\""]"",""[short-name=\""PH1-C\""]"",""[sname=\""PH1-C\""]"",""[data-shortname=\""PH1-C\""]"",""[data-point-short-name=\""PH1-C\""]"",""[data-filter*=\""PH1-C\""]"",""[class*=\""bas-floor-graphics-display-point\""]"",""[class*=\""graphics-point-label\""]"",""[class*=\""graphics-point-value\""]"",""[class*=\""graphics-point-notfound\""]"",""use[key-data-attr*=\""pointShortName':'PH1-C'\""]"",""use[key-data-attr*=\""pointShortName:\\\""PH1-C\\\""\""]""]","[""svg_380""]",hide_when_unselected,0.12,generated from template point record; ontology mapping unresolved
PH2-C,,[],PH2-C,"[""svg_382""]",[],"[""svg_382""]","[""image[href*=\""PH2-C\""]"",""image[xlink\\:href*=\""PH2-C\""]"",""image[href*=\""PH2-C\""]""]","[""g[data-filter=\""PH2-C\""]"",""[short-name=\""PH2-C\""]"",""[sname=\""PH2-C\""]"",""[data-shortname=\""PH2-C\""]"",""[data-point-short-name=\""PH2-C\""]"",""[data-filter*=\""PH2-C\""]"",""[class*=\""bas-floor-graphics-display-point\""]"",""[class*=\""graphics-point-label\""]"",""[class*=\""graphics-point-value\""]"",""[class*=\""graphics-point-notfound\""]"",""use[key-data-attr*=\""pointShortName':'PH2-C'\""]"",""use[key-data-attr*=\""pointShortName:\\\""PH2-C\\\""\""]""]","[""svg_382""]",hide_when_unselected,0.12,generated from template point record; ontology mapping unresolved
PH3-C,,[],PH3-C,"[""svg_384""]",[],"[""svg_384""]","[""image[href*=\""PH3-C\""]"",""image[xlink\\:href*=\""PH3-C\""]"",""image[href*=\""PH3-C\""]""]","[""g[data-filter=\""PH3-C\""]"",""[short-name=\""PH3-C\""]"",""[sname=\""PH3-C\""]"",""[data-shortname=\""PH3-C\""]"",""[data-point-short-name=\""PH3-C\""]"",""[data-filter*=\""PH3-C\""]"",""[class*=\""bas-floor-graphics-display-point\""]"",""[class*=\""graphics-point-label\""]"",""[class*=\""graphics-point-value\""]"",""[class*=\""graphics-point-notfound\""]"",""use[key-data-attr*=\""pointShortName':'PH3-C'\""]"",""use[key-data-attr*=\""pointShortName:\\\""PH3-C\\\""\""]""]","[""svg_384""]",hide_when_unselected,0.12,generated from template point record; ontology mapping unresolved
PH4-C,,[],PH4-C,"[""svg_386""]",[],"[""svg_386""]","[""image[href*=\""PH4-C\""]"",""image[xlink\\:href*=\""PH4-C\""]"",""image[href*=\""PH4-C\""]""]","[""g[data-filter=\""PH4-C\""]"",""[short-name=\""PH4-C\""]"",""[sname=\""PH4-C\""]"",""[data-shortname=\""PH4-C\""]"",""[data-point-short-name=\""PH4-C\""]"",""[data-filter*=\""PH4-C\""]"",""[class*=\""bas-floor-graphics-display-point\""]"",""[class*=\""graphics-point-label\""]"",""[class*=\""graphics-point-value\""]"",""[class*=\""graphics-point-notfound\""]"",""use[key-data-attr*=\""pointShortName':'PH4-C'\""]"",""use[key-data-attr*=\""pointShortName:\\\""PH4-C\\\""\""]""]","[""svg_386""]",hide_when_unselected,0.12,generated from template point record; ontology mapping unresolved
PH5-C,,[],PH5-C,"[""svg_388""]",[],"[""svg_388""]","[""image[href*=\""PH5-C\""]"",""image[xlink\\:href*=\""PH5-C\""]"",""image[href*=\""PH5-C\""]""]","[""g[data-filter=\""PH5-C\""]"",""[short-name=\""PH5-C\""]"",""[sname=\""PH5-C\""]"",""[data-shortname=\""PH5-C\""]"",""[data-point-short-name=\""PH5-C\""]"",""[data-filter*=\""PH5-C\""]"",""[class*=\""bas-floor-graphics-display-point\""]"",""[class*=\""graphics-point-label\""]"",""[class*=\""graphics-point-value\""]"",""[class*=\""graphics-point-notfound\""]"",""use[key-data-attr*=\""pointShortName':'PH5-C'\""]"",""use[key-data-attr*=\""pointShortName:\\\""PH5-C\\\""\""]""]","[""svg_388""]",hide_when_unselected,0.12,generated from template point record; ontology mapping unresolved
PH6-C,,[],PH6-C,"[""svg_390""]",[],"[""svg_390""]","[""image[href*=\""PH6-C\""]"",""image[xlink\\:href*=\""PH6-C\""]"",""image[href*=\""PH6-C\""]""]","[""g[data-filter=\""PH6-C\""]"",""[short-name=\""PH6-C\""]"",""[sname=\""PH6-C\""]"",""[data-shortname=\""PH6-C\""]"",""[data-point-short-name=\""PH6-C\""]"",""[data-filter*=\""PH6-C\""]"",""[class*=\""bas-floor-graphics-display-point\""]"",""[class*=\""graphics-point-label\""]"",""[class*=\""graphics-point-value\""]"",""[class*=\""graphics-point-notfound\""]"",""use[key-data-attr*=\""pointShortName':'PH6-C'\""]"",""use[key-data-attr*=\""pointShortName:\\\""PH6-C\\\""\""]""]","[""svg_390""]",hide_when_unselected,0.12,generated from template point record; ontology mapping unresolved
PH7-C,,[],PH7-C,"[""svg_392""]",[],"[""svg_392""]","[""image[href*=\""PH7-C\""]"",""image[xlink\\:href*=\""PH7-C\""]"",""image[href*=\""PH7-C\""]""]","[""g[data-filter=\""PH7-C\""]"",""[short-name=\""PH7-C\""]"",""[sname=\""PH7-C\""]"",""[data-shortname=\""PH7-C\""]"",""[data-point-short-name=\""PH7-C\""]"",""[data-filter*=\""PH7-C\""]"",""[class*=\""bas-floor-graphics-display-point\""]"",""[class*=\""graphics-point-label\""]"",""[class*=\""graphics-point-value\""]"",""[class*=\""graphics-point-notfound\""]"",""use[key-data-attr*=\""pointShortName':'PH7-C'\""]"",""use[key-data-attr*=\""pointShortName:\\\""PH7-C\\\""\""]""]","[""svg_392""]",hide_when_unselected,0.12,generated from template point record; ontology mapping unresolved
PH8-C,,[],PH8-C,"[""svg_394""]",[],"[""svg_394""]","[""image[href*=\""PH8-C\""]"",""image[xlink\\:href*=\""PH8-C\""]"",""image[href*=\""PH8-C\""]""]","[""g[data-filter=\""PH8-C\""]"",""[short-name=\""PH8-C\""]"",""[sname=\""PH8-C\""]"",""[data-shortname=\""PH8-C\""]"",""[data-point-short-name=\""PH8-C\""]"",""[data-filter*=\""PH8-C\""]"",""[class*=\""bas-floor-graphics-display-point\""]"",""[class*=\""graphics-point-label\""]"",""[class*=\""graphics-point-value\""]"",""[class*=\""graphics-point-notfound\""]"",""use[key-data-attr*=\""pointShortName':'PH8-C'\""]"",""use[key-data-attr*=\""pointShortName:\\\""PH8-C\\\""\""]""]","[""svg_394""]",hide_when_unselected,0.12,generated from template point record; ontology mapping unresolved
PH-T,,[],PH-T,"[""svg_375""]",[],"[""svg_375""]","[""image[href*=\""PH-T\""]"",""image[xlink\\:href*=\""PH-T\""]"",""image[href*=\""PH-T\""]""]","[""g[data-filter=\""PH-T\""]"",""[short-name=\""PH-T\""]"",""[sname=\""PH-T\""]"",""[data-shortname=\""PH-T\""]"",""[data-point-short-name=\""PH-T\""]"",""[data-filter*=\""PH-T\""]"",""[class*=\""bas-floor-graphics-display-point\""]"",""[class*=\""graphics-point-label\""]"",""[class*=\""graphics-point-value\""]"",""[class*=\""graphics-point-notfound\""]"",""use[key-data-attr*=\""pointShortName':'PH-T'\""]"",""use[key-data-attr*=\""pointShortName:\\\""PH-T\\\""\""]""]","[""svg_375""]",hide_when_unselected,0.12,generated from template point record; ontology mapping unresolved
LT-A,,[],LT-A,"[""svg_434""]",[],"[""svg_434""]","[""image[href*=\""LT-A\""]"",""image[xlink\\:href*=\""LT-A\""]"",""image[href*=\""LT-A\""]""]","[""g[data-filter=\""LT-A\""]"",""[short-name=\""LT-A\""]"",""[sname=\""LT-A\""]"",""[data-shortname=\""LT-A\""]"",""[data-point-short-name=\""LT-A\""]"",""[data-filter*=\""LT-A\""]"",""[class*=\""bas-floor-graphics-display-point\""]"",""[class*=\""graphics-point-label\""]"",""[class*=\""graphics-point-value\""]"",""[class*=\""graphics-point-notfound\""]"",""use[key-data-attr*=\""pointShortName':'LT-A'\""]"",""use[key-data-attr*=\""pointShortName:\\\""LT-A\\\""\""]""]","[""svg_434""]",hide_when_unselected,0.12,generated from template point record; ontology mapping unresolved
CLG1-C,,[],CLG1-C,"[""svg_438""]",[],"[""svg_438""]","[""image[href*=\""CLG1-C\""]"",""image[xlink\\:href*=\""CLG1-C\""]"",""image[href*=\""CLG1-C\""]""]","[""g[data-filter=\""CLG1-C\""]"",""[short-name=\""CLG1-C\""]"",""[sname=\""CLG1-C\""]"",""[data-shortname=\""CLG1-C\""]"",""[data-point-short-name=\""CLG1-C\""]"",""[data-filter*=\""CLG1-C\""]"",""[class*=\""bas-floor-graphics-display-point\""]"",""[class*=\""graphics-point-label\""]"",""[class*=\""graphics-point-value\""]"",""[class*=\""graphics-point-notfound\""]"",""use[key-data-attr*=\""pointShortName':'CLG1-C'\""]"",""use[key-data-attr*=\""pointShortName:\\\""CLG1-C\\\""\""]""]","[""svg_438""]",hide_when_unselected,0.12,generated from template point record; ontology mapping unresolved
CLG2-C,,[],CLG2-C,"[""svg_440""]",[],"[""svg_440""]","[""image[href*=\""CLG2-C\""]"",""image[xlink\\:href*=\""CLG2-C\""]"",""image[href*=\""CLG2-C\""]""]","[""g[data-filter=\""CLG2-C\""]"",""[short-name=\""CLG2-C\""]"",""[sname=\""CLG2-C\""]"",""[data-shortname=\""CLG2-C\""]"",""[data-point-short-name=\""CLG2-C\""]"",""[data-filter*=\""CLG2-C\""]"",""[class*=\""bas-floor-graphics-display-point\""]"",""[class*=\""graphics-point-label\""]"",""[class*=\""graphics-point-value\""]"",""[class*=\""graphics-point-notfound\""]"",""use[key-data-attr*=\""pointShortName':'CLG2-C'\""]"",""use[key-data-attr*=\""pointShortName:\\\""CLG2-C\\\""\""]""]","[""svg_440""]",hide_when_unselected,0.12,generated from template point record; ontology mapping unresolved
CLG3-C,,[],CLG3-C,"[""svg_442""]",[],"[""svg_442""]","[""image[href*=\""CLG3-C\""]"",""image[xlink\\:href*=\""CLG3-C\""]"",""image[href*=\""CLG3-C\""]""]","[""g[data-filter=\""CLG3-C\""]"",""[short-name=\""CLG3-C\""]"",""[sname=\""CLG3-C\""]"",""[data-shortname=\""CLG3-C\""]"",""[data-point-short-name=\""CLG3-C\""]"",""[data-filter*=\""CLG3-C\""]"",""[class*=\""bas-floor-graphics-display-point\""]"",""[class*=\""graphics-point-label\""]"",""[class*=\""graphics-point-value\""]"",""[class*=\""graphics-point-notfound\""]"",""use[key-data-attr*=\""pointShortName':'CLG3-C'\""]"",""use[key-data-attr*=\""pointShortName:\\\""CLG3-C\\\""\""]""]","[""svg_442""]",hide_when_unselected,0.12,generated from template point record; ontology mapping unresolved
CLG4-C,,[],CLG4-C,"[""svg_444""]",[],"[""svg_444""]","[""image[href*=\""CLG4-C\""]"",""image[xlink\\:href*=\""CLG4-C\""]"",""image[href*=\""CLG4-C\""]""]","[""g[data-filter=\""CLG4-C\""]"",""[short-name=\""CLG4-C\""]"",""[sname=\""CLG4-C\""]"",""[data-shortname=\""CLG4-C\""]"",""[data-point-short-name=\""CLG4-C\""]"",""[data-filter*=\""CLG4-C\""]"",""[class*=\""bas-floor-graphics-display-point\""]"",""[class*=\""graphics-point-label\""]"",""[class*=\""graphics-point-value\""]"",""[class*=\""graphics-point-notfound\""]"",""use[key-data-attr*=\""pointShortName':'CLG4-C'\""]"",""use[key-data-attr*=\""pointShortName:\\\""CLG4-C\\\""\""]""]","[""svg_444""]",hide_when_unselected,0.12,generated from template point record; ontology mapping unresolved
CLG5-C,,[],CLG5-C,"[""svg_446""]",[],"[""svg_446""]","[""image[href*=\""CLG5-C\""]"",""image[xlink\\:href*=\""CLG5-C\""]"",""image[href*=\""CLG5-C\""]""]","[""g[data-filter=\""CLG5-C\""]"",""[short-name=\""CLG5-C\""]"",""[sname=\""CLG5-C\""]"",""[data-shortname=\""CLG5-C\""]"",""[data-point-short-name=\""CLG5-C\""]"",""[data-filter*=\""CLG5-C\""]"",""[class*=\""bas-floor-graphics-display-point\""]"",""[class*=\""graphics-point-label\""]"",""[class*=\""graphics-point-value\""]"",""[class*=\""graphics-point-notfound\""]"",""use[key-data-attr*=\""pointShortName':'CLG5-C'\""]"",""use[key-data-attr*=\""pointShortName:\\\""CLG5-C\\\""\""]""]","[""svg_446""]",hide_when_unselected,0.12,generated from template point record; ontology mapping unresolved
CLG6-C,,[],CLG6-C,"[""svg_448""]",[],"[""svg_448""]","[""image[href*=\""CLG6-C\""]"",""image[xlink\\:href*=\""CLG6-C\""]"",""image[href*=\""CLG6-C\""]""]","[""g[data-filter=\""CLG6-C\""]"",""[short-name=\""CLG6-C\""]"",""[sname=\""CLG6-C\""]"",""[data-shortname=\""CLG6-C\""]"",""[data-point-short-name=\""CLG6-C\""]"",""[data-filter*=\""CLG6-C\""]"",""[class*=\""bas-floor-graphics-display-point\""]"",""[class*=\""graphics-point-label\""]"",""[class*=\""graphics-point-value\""]"",""[class*=\""graphics-point-notfound\""]"",""use[key-data-attr*=\""pointShortName':'CLG6-C'\""]"",""use[key-data-attr*=\""pointShortName:\\\""CLG6-C\\\""\""]""]","[""svg_448""]",hide_when_unselected,0.12,generated from template point record; ontology mapping unresolved
CLG7-C,,[],CLG7-C,"[""svg_450""]",[],"[""svg_450""]","[""image[href*=\""CLG7-C\""]"",""image[xlink\\:href*=\""CLG7-C\""]"",""image[href*=\""CLG7-C\""]""]","[""g[data-filter=\""CLG7-C\""]"",""[short-name=\""CLG7-C\""]"",""[sname=\""CLG7-C\""]"",""[data-shortname=\""CLG7-C\""]"",""[data-point-short-name=\""CLG7-C\""]"",""[data-filter*=\""CLG7-C\""]"",""[class*=\""bas-floor-graphics-display-point\""]"",""[class*=\""graphics-point-label\""]"",""[class*=\""graphics-point-value\""]"",""[class*=\""graphics-point-notfound\""]"",""use[key-data-attr*=\""pointShortName':'CLG7-C'\""]"",""use[key-data-attr*=\""pointShortName:\\\""CLG7-C\\\""\""]""]","[""svg_450""]",hide_when_unselected,0.12,generated from template point record; ontology mapping unresolved
CLG8-C,,[],CLG8-C,"[""svg_452""]",[],"[""svg_452""]","[""image[href*=\""CLG8-C\""]"",""image[xlink\\:href*=\""CLG8-C\""]"",""image[href*=\""CLG8-C\""]""]","[""g[data-filter=\""CLG8-C\""]"",""[short-name=\""CLG8-C\""]"",""[sname=\""CLG8-C\""]"",""[data-shortname=\""CLG8-C\""]"",""[data-point-short-name=\""CLG8-C\""]"",""[data-filter*=\""CLG8-C\""]"",""[class*=\""bas-floor-graphics-display-point\""]"",""[class*=\""graphics-point-label\""]"",""[class*=\""graphics-point-value\""]"",""[class*=\""graphics-point-notfound\""]"",""use[key-data-attr*=\""pointShortName':'CLG8-C'\""]"",""use[key-data-attr*=\""pointShortName:\\\""CLG8-C\\\""\""]""]","[""svg_452""]",hide_when_unselected,0.12,generated from template point record; ontology mapping unresolved
RH1-C,,[],RH1-C,"[""svg_454""]",[],"[""svg_454""]","[""image[href*=\""RH1-C\""]"",""image[xlink\\:href*=\""RH1-C\""]"",""image[href*=\""RH1-C\""]""]","[""g[data-filter=\""RH1-C\""]"",""[short-name=\""RH1-C\""]"",""[sname=\""RH1-C\""]"",""[data-shortname=\""RH1-C\""]"",""[data-point-short-name=\""RH1-C\""]"",""[data-filter*=\""RH1-C\""]"",""[class*=\""bas-floor-graphics-display-point\""]"",""[class*=\""graphics-point-label\""]"",""[class*=\""graphics-point-value\""]"",""[class*=\""graphics-point-notfound\""]"",""use[key-data-attr*=\""pointShortName':'RH1-C'\""]"",""use[key-data-attr*=\""pointShortName:\\\""RH1-C\\\""\""]""]","[""svg_454""]",hide_when_unselected,0.12,generated from template point record; ontology mapping unresolved
RH2-C,,[],RH2-C,"[""svg_456""]",[],"[""svg_456""]","[""image[href*=\""RH2-C\""]"",""image[xlink\\:href*=\""RH2-C\""]"",""image[href*=\""RH2-C\""]""]","[""g[data-filter=\""RH2-C\""]"",""[short-name=\""RH2-C\""]"",""[sname=\""RH2-C\""]"",""[data-shortname=\""RH2-C\""]"",""[data-point-short-name=\""RH2-C\""]"",""[data-filter*=\""RH2-C\""]"",""[class*=\""bas-floor-graphics-display-point\""]"",""[class*=\""graphics-point-label\""]"",""[class*=\""graphics-point-value\""]"",""[class*=\""graphics-point-notfound\""]"",""use[key-data-attr*=\""pointShortName':'RH2-C'\""]"",""use[key-data-attr*=\""pointShortName:\\\""RH2-C\\\""\""]""]","[""svg_456""]",hide_when_unselected,0.12,generated from template point record; ontology mapping unresolved
RH3-C,,[],RH3-C,"[""svg_458""]",[],"[""svg_458""]","[""image[href*=\""RH3-C\""]"",""image[xlink\\:href*=\""RH3-C\""]"",""image[href*=\""RH3-C\""]""]","[""g[data-filter=\""RH3-C\""]"",""[short-name=\""RH3-C\""]"",""[sname=\""RH3-C\""]"",""[data-shortname=\""RH3-C\""]"",""[data-point-short-name=\""RH3-C\""]"",""[data-filter*=\""RH3-C\""]"",""[class*=\""bas-floor-graphics-display-point\""]"",""[class*=\""graphics-point-label\""]"",""[class*=\""graphics-point-value\""]"",""[class*=\""graphics-point-notfound\""]"",""use[key-data-attr*=\""pointShortName':'RH3-C'\""]"",""use[key-data-attr*=\""pointShortName:\\\""RH3-C\\\""\""]""]","[""svg_458""]",hide_when_unselected,0.12,generated from template point record; ontology mapping unresolved
RH4-C,,[],RH4-C,"[""svg_460""]",[],"[""svg_460""]","[""image[href*=\""RH4-C\""]"",""image[xlink\\:href*=\""RH4-C\""]"",""image[href*=\""RH4-C\""]""]","[""g[data-filter=\""RH4-C\""]"",""[short-name=\""RH4-C\""]"",""[sname=\""RH4-C\""]"",""[data-shortname=\""RH4-C\""]"",""[data-point-short-name=\""RH4-C\""]"",""[data-filter*=\""RH4-C\""]"",""[class*=\""bas-floor-graphics-display-point\""]"",""[class*=\""graphics-point-label\""]"",""[class*=\""graphics-point-value\""]"",""[class*=\""graphics-point-notfound\""]"",""use[key-data-attr*=\""pointShortName':'RH4-C'\""]"",""use[key-data-attr*=\""pointShortName:\\\""RH4-C\\\""\""]""]","[""svg_460""]",hide_when_unselected,0.12,generated from template point record; ontology mapping unresolved
RH5-C,,[],RH5-C,"[""svg_462""]",[],"[""svg_462""]","[""image[href*=\""RH5-C\""]"",""image[xlink\\:href*=\""RH5-C\""]"",""image[href*=\""RH5-C\""]""]","[""g[data-filter=\""RH5-C\""]"",""[short-name=\""RH5-C\""]"",""[sname=\""RH5-C\""]"",""[data-shortname=\""RH5-C\""]"",""[data-point-short-name=\""RH5-C\""]"",""[data-filter*=\""RH5-C\""]"",""[class*=\""bas-floor-graphics-display-point\""]"",""[class*=\""graphics-point-label\""]"",""[class*=\""graphics-point-value\""]"",""[class*=\""graphics-point-notfound\""]"",""use[key-data-attr*=\""pointShortName':'RH5-C'\""]"",""use[key-data-attr*=\""pointShortName:\\\""RH5-C\\\""\""]""]","[""svg_462""]",hide_when_unselected,0.12,generated from template point record; ontology mapping unresolved
RH6-C,,[],RH6-C,"[""svg_464""]",[],"[""svg_464""]","[""image[href*=\""RH6-C\""]"",""image[xlink\\:href*=\""RH6-C\""]"",""image[href*=\""RH6-C\""]""]","[""g[data-filter=\""RH6-C\""]"",""[short-name=\""RH6-C\""]"",""[sname=\""RH6-C\""]"",""[data-shortname=\""RH6-C\""]"",""[data-point-short-name=\""RH6-C\""]"",""[data-filter*=\""RH6-C\""]"",""[class*=\""bas-floor-graphics-display-point\""]"",""[class*=\""graphics-point-label\""]"",""[class*=\""graphics-point-value\""]"",""[class*=\""graphics-point-notfound\""]"",""use[key-data-attr*=\""pointShortName':'RH6-C'\""]"",""use[key-data-attr*=\""pointShortName:\\\""RH6-C\\\""\""]""]","[""svg_464""]",hide_when_unselected,0.12,generated from template point record; ontology mapping unresolved
RH7-C,,[],RH7-C,"[""svg_466""]",[],"[""svg_466""]","[""image[href*=\""RH7-C\""]"",""image[xlink\\:href*=\""RH7-C\""]"",""image[href*=\""RH7-C\""]""]","[""g[data-filter=\""RH7-C\""]"",""[short-name=\""RH7-C\""]"",""[sname=\""RH7-C\""]"",""[data-shortname=\""RH7-C\""]"",""[data-point-short-name=\""RH7-C\""]"",""[data-filter*=\""RH7-C\""]"",""[class*=\""bas-floor-graphics-display-point\""]"",""[class*=\""graphics-point-label\""]"",""[class*=\""graphics-point-value\""]"",""[class*=\""graphics-point-notfound\""]"",""use[key-data-attr*=\""pointShortName':'RH7-C'\""]"",""use[key-data-attr*=\""pointShortName:\\\""RH7-C\\\""\""]""]","[""svg_466""]",hide_when_unselected,0.12,generated from template point record; ontology mapping unresolved
RH8-C,,[],RH8-C,"[""svg_468""]",[],"[""svg_468""]","[""image[href*=\""RH8-C\""]"",""image[xlink\\:href*=\""RH8-C\""]"",""image[href*=\""RH8-C\""]""]","[""g[data-filter=\""RH8-C\""]"",""[short-name=\""RH8-C\""]"",""[sname=\""RH8-C\""]"",""[data-shortname=\""RH8-C\""]"",""[data-point-short-name=\""RH8-C\""]"",""[data-filter*=\""RH8-C\""]"",""[class*=\""bas-floor-graphics-display-point\""]"",""[class*=\""graphics-point-label\""]"",""[class*=\""graphics-point-value\""]"",""[class*=\""graphics-point-notfound\""]"",""use[key-data-attr*=\""pointShortName':'RH8-C'\""]"",""use[key-data-attr*=\""pointShortName:\\\""RH8-C\\\""\""]""]","[""svg_468""]",hide_when_unselected,0.12,generated from template point record; ontology mapping unresolved
CC-T,,[],CC-T,"[""svg_497""]",[],"[""svg_497""]","[""image[href*=\""CC-T\""]"",""image[xlink\\:href*=\""CC-T\""]"",""image[href*=\""CC-T\""]""]","[""g[data-filter=\""CC-T\""]"",""[short-name=\""CC-T\""]"",""[sname=\""CC-T\""]"",""[data-shortname=\""CC-T\""]"",""[data-point-short-name=\""CC-T\""]"",""[data-filter*=\""CC-T\""]"",""[class*=\""bas-floor-graphics-display-point\""]"",""[class*=\""graphics-point-label\""]"",""[class*=\""graphics-point-value\""]"",""[class*=\""graphics-point-notfound\""]"",""use[key-data-attr*=\""pointShortName':'CC-T'\""]"",""use[key-data-attr*=\""pointShortName:\\\""CC-T\\\""\""]""]","[""svg_497""]",hide_when_unselected,0.12,generated from template point record; ontology mapping unresolved
RHC-T,,[],RHC-T,"[""svg_499""]",[],"[""svg_499""]","[""image[href*=\""RHC-T\""]"",""image[xlink\\:href*=\""RHC-T\""]"",""image[href*=\""RHC-T\""]""]","[""g[data-filter=\""RHC-T\""]"",""[short-name=\""RHC-T\""]"",""[sname=\""RHC-T\""]"",""[data-shortname=\""RHC-T\""]"",""[data-point-short-name=\""RHC-T\""]"",""[data-filter*=\""RHC-T\""]"",""[class*=\""bas-floor-graphics-display-point\""]"",""[class*=\""graphics-point-label\""]"",""[class*=\""graphics-point-value\""]"",""[class*=\""graphics-point-notfound\""]"",""use[key-data-attr*=\""pointShortName':'RHC-T'\""]"",""use[key-data-attr*=\""pointShortName:\\\""RHC-T\\\""\""]""]","[""svg_499""]",hide_when_unselected,0.12,generated from template point record; ontology mapping unresolved
PH-O,,[],PH-O,"[""svg_501""]",[],"[""svg_501""]","[""image[href*=\""PH-O\""]"",""image[xlink\\:href*=\""PH-O\""]"",""image[href*=\""PH-O\""]""]","[""g[data-filter=\""PH-O\""]"",""[short-name=\""PH-O\""]"",""[sname=\""PH-O\""]"",""[data-shortname=\""PH-O\""]"",""[data-point-short-name=\""PH-O\""]"",""[data-filter*=\""PH-O\""]"",""[class*=\""bas-floor-graphics-display-point\""]"",""[class*=\""graphics-point-label\""]"",""[class*=\""graphics-point-value\""]"",""[class*=\""graphics-point-notfound\""]"",""use[key-data-attr*=\""pointShortName':'PH-O'\""]"",""use[key-data-attr*=\""pointShortName:\\\""PH-O\\\""\""]""]","[""svg_501""]",hide_when_unselected,0.12,generated from template point record; ontology mapping unresolved
PH-POS,,[],PH-POS,"[""svg_503""]",[],"[""svg_503""]","[""image[href*=\""PH-POS\""]"",""image[xlink\\:href*=\""PH-POS\""]"",""image[href*=\""PH-POS\""]""]","[""g[data-filter=\""PH-POS\""]"",""[short-name=\""PH-POS\""]"",""[sname=\""PH-POS\""]"",""[data-shortname=\""PH-POS\""]"",""[data-point-short-name=\""PH-POS\""]"",""[data-filter*=\""PH-POS\""]"",""[class*=\""bas-floor-graphics-display-point\""]"",""[class*=\""graphics-point-label\""]"",""[class*=\""graphics-point-value\""]"",""[class*=\""graphics-point-notfound\""]"",""use[key-data-attr*=\""pointShortName':'PH-POS'\""]"",""use[key-data-attr*=\""pointShortName:\\\""PH-POS\\\""\""]""]","[""svg_503""]",hide_when_unselected,0.12,generated from template point record; ontology mapping unresolved
CLG-POS,,[],CLG-POS,"[""svg_505""]",[],"[""svg_505""]","[""image[href*=\""CLG-POS\""]"",""image[xlink\\:href*=\""CLG-POS\""]"",""image[href*=\""CLG-POS\""]""]","[""g[data-filter=\""CLG-POS\""]"",""[short-name=\""CLG-POS\""]"",""[sname=\""CLG-POS\""]"",""[data-shortname=\""CLG-POS\""]"",""[data-point-short-name=\""CLG-POS\""]"",""[data-filter*=\""CLG-POS\""]"",""[class*=\""bas-floor-graphics-display-point\""]"",""[class*=\""graphics-point-label\""]"",""[class*=\""graphics-point-value\""]"",""[class*=\""graphics-point-notfound\""]"",""use[key-data-attr*=\""pointShortName':'CLG-POS'\""]"",""use[key-data-attr*=\""pointShortName:\\\""CLG-POS\\\""\""]""]","[""svg_505""]",hide_when_unselected,0.12,generated from template point record; ontology mapping unresolved
CLG-O,,[],CLG-O,"[""svg_507""]",[],"[""svg_507""]","[""image[href*=\""CLG-O\""]"",""image[xlink\\:href*=\""CLG-O\""]"",""image[href*=\""CLG-O\""]""]","[""g[data-filter=\""CLG-O\""]"",""[short-name=\""CLG-O\""]"",""[sname=\""CLG-O\""]"",""[data-shortname=\""CLG-O\""]"",""[data-point-short-name=\""CLG-O\""]"",""[data-filter*=\""CLG-O\""]"",""[class*=\""bas-floor-graphics-display-point\""]"",""[class*=\""graphics-point-label\""]"",""[class*=\""graphics-point-value\""]"",""[class*=\""graphics-point-notfound\""]"",""use[key-data-attr*=\""pointShortName':'CLG-O'\""]"",""use[key-data-attr*=\""pointShortName:\\\""CLG-O\\\""\""]""]","[""svg_507""]",hide_when_unselected,0.12,generated from template point record; ontology mapping unresolved
RAPLO-A,,[],RAPLO-A,"[""svg_490""]",[],"[""svg_490""]","[""image[href*=\""RAPLO-A\""]"",""image[xlink\\:href*=\""RAPLO-A\""]"",""image[href*=\""RAPLO-A\""]""]","[""g[data-filter=\""RAPLO-A\""]"",""[short-name=\""RAPLO-A\""]"",""[sname=\""RAPLO-A\""]"",""[data-shortname=\""RAPLO-A\""]"",""[data-point-short-name=\""RAPLO-A\""]"",""[data-filter*=\""RAPLO-A\""]"",""[class*=\""bas-floor-graphics-display-point\""]"",""[class*=\""graphics-point-label\""]"",""[class*=\""graphics-point-value\""]"",""[class*=\""graphics-point-notfound\""]"",""use[key-data-attr*=\""pointShortName':'RAPLO-A'\""]"",""use[key-data-attr*=\""pointShortName:\\\""RAPLO-A\\\""\""]""]","[""svg_490""]",hide_when_unselected,0.12,generated from template point record; ontology mapping unresolved
RA-SD,,[],RA-SD,"[""svg_522""]",[],"[""svg_522""]","[""image[href*=\""RA-SD\""]"",""image[xlink\\:href*=\""RA-SD\""]"",""image[href*=\""RA-SD\""]""]","[""g[data-filter=\""RA-SD\""]"",""[short-name=\""RA-SD\""]"",""[sname=\""RA-SD\""]"",""[data-shortname=\""RA-SD\""]"",""[data-point-short-name=\""RA-SD\""]"",""[data-filter*=\""RA-SD\""]"",""[class*=\""bas-floor-graphics-display-point\""]"",""[class*=\""graphics-point-label\""]"",""[class*=\""graphics-point-value\""]"",""[class*=\""graphics-point-notfound\""]"",""use[key-data-attr*=\""pointShortName':'RA-SD'\""]"",""use[key-data-attr*=\""pointShortName:\\\""RA-SD\\\""\""]""]","[""svg_522""]",hide_when_unselected,0.12,generated from template point record; ontology mapping unresolved
FFILT-S,,[],FFILT-S,"[""svg_556""]",[],"[""svg_556""]","[""image[href*=\""FFILT-S\""]"",""image[xlink\\:href*=\""FFILT-S\""]"",""image[href*=\""FFILT-S\""]""]","[""g[data-filter=\""FFILT-S\""]"",""[short-name=\""FFILT-S\""]"",""[sname=\""FFILT-S\""]"",""[data-shortname=\""FFILT-S\""]"",""[data-point-short-name=\""FFILT-S\""]"",""[data-filter*=\""FFILT-S\""]"",""[class*=\""bas-floor-graphics-display-point\""]"",""[class*=\""graphics-point-label\""]"",""[class*=\""graphics-point-value\""]"",""[class*=\""graphics-point-notfound\""]"",""use[key-data-attr*=\""pointShortName':'FFILT-S'\""]"",""use[key-data-attr*=\""pointShortName:\\\""FFILT-S\\\""\""]""]","[""svg_556""]",hide_when_unselected,0.12,generated from template point record; ontology mapping unresolved
RA-F,,[],RA-F,"[""svg_563""]",[],"[""svg_563""]","[""image[href*=\""RA-F\""]"",""image[xlink\\:href*=\""RA-F\""]"",""image[href*=\""RA-F\""]""]","[""g[data-filter=\""RA-F\""]"",""[short-name=\""RA-F\""]"",""[sname=\""RA-F\""]"",""[data-shortname=\""RA-F\""]"",""[data-point-short-name=\""RA-F\""]"",""[data-filter*=\""RA-F\""]"",""[class*=\""bas-floor-graphics-display-point\""]"",""[class*=\""graphics-point-label\""]"",""[class*=\""graphics-point-value\""]"",""[class*=\""graphics-point-notfound\""]"",""use[key-data-attr*=\""pointShortName':'RA-F'\""]"",""use[key-data-attr*=\""pointShortName:\\\""RA-F\\\""\""]""]","[""svg_563""]",hide_when_unselected,0.12,generated from template point record; ontology mapping unresolved
DA-SD,,[],DA-SD,"[""svg_577""]",[],"[""svg_577""]","[""image[href*=\""DA-SD\""]"",""image[xlink\\:href*=\""DA-SD\""]"",""image[href*=\""DA-SD\""]""]","[""g[data-filter=\""DA-SD\""]"",""[short-name=\""DA-SD\""]"",""[sname=\""DA-SD\""]"",""[data-shortname=\""DA-SD\""]"",""[data-point-short-name=\""DA-SD\""]"",""[data-filter*=\""DA-SD\""]"",""[class*=\""bas-floor-graphics-display-point\""]"",""[class*=\""graphics-point-label\""]"",""[class*=\""graphics-point-value\""]"",""[class*=\""graphics-point-notfound\""]"",""use[key-data-attr*=\""pointShortName':'DA-SD'\""]"",""use[key-data-attr*=\""pointShortName:\\\""DA-SD\\\""\""]""]","[""svg_577""]",hide_when_unselected,0.12,generated from template point record; ontology mapping unresolved
DA-T,,[],DA-T,"[""svg_583""]",[],"[""svg_583""]","[""image[href*=\""DA-T\""]"",""image[xlink\\:href*=\""DA-T\""]"",""image[href*=\""DA-T\""]""]","[""g[data-filter=\""DA-T\""]"",""[short-name=\""DA-T\""]"",""[sname=\""DA-T\""]"",""[data-shortname=\""DA-T\""]"",""[data-point-short-name=\""DA-T\""]"",""[data-filter*=\""DA-T\""]"",""[class*=\""bas-floor-graphics-display-point\""]"",""[class*=\""graphics-point-label\""]"",""[class*=\""graphics-point-value\""]"",""[class*=\""graphics-point-notfound\""]"",""use[key-data-attr*=\""pointShortName':'DA-T'\""]"",""use[key-data-attr*=\""pointShortName:\\\""DA-T\\\""\""]""]","[""svg_583""]",hide_when_unselected,0.12,generated from template point record; ontology mapping unresolved
DAT-SP,,[],DAT-SP,"[""svg_585""]",[],"[""svg_585""]","[""image[href*=\""DAT-SP\""]"",""image[xlink\\:href*=\""DAT-SP\""]"",""image[href*=\""DAT-SP\""]""]","[""g[data-filter=\""DAT-SP\""]"",""[short-name=\""DAT-SP\""]"",""[sname=\""DAT-SP\""]"",""[data-shortname=\""DAT-SP\""]"",""[data-point-short-name=\""DAT-SP\""]"",""[data-filter*=\""DAT-SP\""]"",""[class*=\""bas-floor-graphics-display-point\""]"",""[class*=\""graphics-point-label\""]"",""[class*=\""graphics-point-value\""]"",""[class*=\""graphics-point-notfound\""]"",""use[key-data-attr*=\""pointShortName':'DAT-SP'\""]"",""use[key-data-attr*=\""pointShortName:\\\""DAT-SP\\\""\""]""]","[""svg_585""]",hide_when_unselected,0.12,generated from template point record; ontology mapping unresolved
DA1-P,,[],DA1-P,"[""svg_587""]",[],"[""svg_587""]","[""image[href*=\""DA1-P\""]"",""image[xlink\\:href*=\""DA1-P\""]"",""image[href*=\""DA1-P\""]""]","[""g[data-filter=\""DA1-P\""]"",""[short-name=\""DA1-P\""]"",""[sname=\""DA1-P\""]"",""[data-shortname=\""DA1-P\""]"",""[data-point-short-name=\""DA1-P\""]"",""[data-filter*=\""DA1-P\""]"",""[class*=\""bas-floor-graphics-display-point\""]"",""[class*=\""graphics-point-label\""]"",""[class*=\""graphics-point-value\""]"",""[class*=\""graphics-point-notfound\""]"",""use[key-data-attr*=\""pointShortName':'DA1-P'\""]"",""use[key-data-attr*=\""pointShortName:\\\""DA1-P\\\""\""]""]","[""svg_587""]",hide_when_unselected,0.12,generated from template point record; ontology mapping unresolved
DAP-SP,,[],DAP-SP,"[""svg_589""]",[],"[""svg_589""]","[""image[href*=\""DAP-SP\""]"",""image[xlink\\:href*=\""DAP-SP\""]"",""image[href*=\""DAP-SP\""]""]","[""g[data-filter=\""DAP-SP\""]"",""[short-name=\""DAP-SP\""]"",""[sname=\""DAP-SP\""]"",""[data-shortname=\""DAP-SP\""]"",""[data-point-short-name=\""DAP-SP\""]"",""[data-filter*=\""DAP-SP\""]"",""[class*=\""bas-floor-graphics-display-point\""]"",""[class*=\""graphics-point-label\""]"",""[class*=\""graphics-point-value\""]"",""[class*=\""graphics-point-notfound\""]"",""use[key-data-attr*=\""pointShortName':'DAP-SP'\""]"",""use[key-data-attr*=\""pointShortName:\\\""DAP-SP\\\""\""]""]","[""svg_589""]",hide_when_unselected,0.12,generated from template point record; ontology mapping unresolved
DAPHI-A,,[],DAPHI-A,"[""svg_591""]",[],"[""svg_591""]","[""image[href*=\""DAPHI-A\""]"",""image[xlink\\:href*=\""DAPHI-A\""]"",""image[href*=\""DAPHI-A\""]""]","[""g[data-filter=\""DAPHI-A\""]"",""[short-name=\""DAPHI-A\""]"",""[sname=\""DAPHI-A\""]"",""[data-shortname=\""DAPHI-A\""]"",""[data-point-short-name=\""DAPHI-A\""]"",""[data-filter*=\""DAPHI-A\""]"",""[class*=\""bas-floor-graphics-display-point\""]"",""[class*=\""graphics-point-label\""]"",""[class*=\""graphics-point-value\""]"",""[class*=\""graphics-point-notfound\""]"",""use[key-data-attr*=\""pointShortName':'DAPHI-A'\""]"",""use[key-data-attr*=\""pointShortName:\\\""DAPHI-A\\\""\""]""]","[""svg_591""]",hide_when_unselected,0.12,generated from template point record; ontology mapping unresolved
PHWE-T,,[],PHWE-T,"[""svg_601""]",[],"[""svg_601""]","[""image[href*=\""PHWE-T\""]"",""image[xlink\\:href*=\""PHWE-T\""]"",""image[href*=\""PHWE-T\""]""]","[""g[data-filter=\""PHWE-T\""]"",""[short-name=\""PHWE-T\""]"",""[sname=\""PHWE-T\""]"",""[data-shortname=\""PHWE-T\""]"",""[data-point-short-name=\""PHWE-T\""]"",""[data-filter*=\""PHWE-T\""]"",""[class*=\""bas-floor-graphics-display-point\""]"",""[class*=\""graphics-point-label\""]"",""[class*=\""graphics-point-value\""]"",""[class*=\""graphics-point-notfound\""]"",""use[key-data-attr*=\""pointShortName':'PHWE-T'\""]"",""use[key-data-attr*=\""pointShortName:\\\""PHWE-T\\\""\""]""]","[""svg_601""]",hide_when_unselected,0.12,generated from template point record; ontology mapping unresolved
PHWL-T,,[],PHWL-T,"[""svg_603""]",[],"[""svg_603""]","[""image[href*=\""PHWL-T\""]"",""image[xlink\\:href*=\""PHWL-T\""]"",""image[href*=\""PHWL-T\""]""]","[""g[data-filter=\""PHWL-T\""]"",""[short-name=\""PHWL-T\""]"",""[sname=\""PHWL-T\""]"",""[data-shortname=\""PHWL-T\""]"",""[data-point-short-name=\""PHWL-T\""]"",""[data-filter*=\""PHWL-T\""]"",""[class*=\""bas-floor-graphics-display-point\""]"",""[class*=\""graphics-point-label\""]"",""[class*=\""graphics-point-value\""]"",""[class*=\""graphics-point-notfound\""]"",""use[key-data-attr*=\""pointShortName':'PHWL-T'\""]"",""use[key-data-attr*=\""pointShortName:\\\""PHWL-T\\\""\""]""]","[""svg_603""]",hide_when_unselected,0.12,generated from template point record; ontology mapping unresolved
CCWL-T,,[],CCWL-T,"[""svg_605""]",[],"[""svg_605""]","[""image[href*=\""CCWL-T\""]"",""image[xlink\\:href*=\""CCWL-T\""]"",""image[href*=\""CCWL-T\""]""]","[""g[data-filter=\""CCWL-T\""]"",""[short-name=\""CCWL-T\""]"",""[sname=\""CCWL-T\""]"",""[data-shortname=\""CCWL-T\""]"",""[data-point-short-name=\""CCWL-T\""]"",""[data-filter*=\""CCWL-T\""]"",""[class*=\""bas-floor-graphics-display-point\""]"",""[class*=\""graphics-point-label\""]"",""[class*=\""graphics-point-value\""]"",""[class*=\""graphics-point-notfound\""]"",""use[key-data-attr*=\""pointShortName':'CCWL-T'\""]"",""use[key-data-attr*=\""pointShortName:\\\""CCWL-T\\\""\""]""]","[""svg_605""]",hide_when_unselected,0.12,generated from template point record; ontology mapping unresolved
CCWE-T,,[],CCWE-T,"[""svg_607""]",[],"[""svg_607""]","[""image[href*=\""CCWE-T\""]"",""image[xlink\\:href*=\""CCWE-T\""]"",""image[href*=\""CCWE-T\""]""]","[""g[data-filter=\""CCWE-T\""]"",""[short-name=\""CCWE-T\""]"",""[sname=\""CCWE-T\""]"",""[data-shortname=\""CCWE-T\""]"",""[data-point-short-name=\""CCWE-T\""]"",""[data-filter*=\""CCWE-T\""]"",""[class*=\""bas-floor-graphics-display-point\""]"",""[class*=\""graphics-point-label\""]"",""[class*=\""graphics-point-value\""]"",""[class*=\""graphics-point-notfound\""]"",""use[key-data-attr*=\""pointShortName':'CCWE-T'\""]"",""use[key-data-attr*=\""pointShortName:\\\""CCWE-T\\\""\""]""]","[""svg_607""]",hide_when_unselected,0.12,generated from template point record; ontology mapping unresolved
RHWL-T,,[],RHWL-T,"[""svg_609""]",[],"[""svg_609""]","[""image[href*=\""RHWL-T\""]"",""image[xlink\\:href*=\""RHWL-T\""]"",""image[href*=\""RHWL-T\""]""]","[""g[data-filter=\""RHWL-T\""]"",""[short-name=\""RHWL-T\""]"",""[sname=\""RHWL-T\""]"",""[data-shortname=\""RHWL-T\""]"",""[data-point-short-name=\""RHWL-T\""]"",""[data-filter*=\""RHWL-T\""]"",""[class*=\""bas-floor-graphics-display-point\""]"",""[class*=\""graphics-point-label\""]"",""[class*=\""graphics-point-value\""]"",""[class*=\""graphics-point-notfound\""]"",""use[key-data-attr*=\""pointShortName':'RHWL-T'\""]"",""use[key-data-attr*=\""pointShortName:\\\""RHWL-T\\\""\""]""]","[""svg_609""]",hide_when_unselected,0.12,generated from template point record; ontology mapping unresolved
RHWE-T,,[],RHWE-T,"[""svg_611""]",[],"[""svg_611""]","[""image[href*=\""RHWE-T\""]"",""image[xlink\\:href*=\""RHWE-T\""]"",""image[href*=\""RHWE-T\""]""]","[""g[data-filter=\""RHWE-T\""]"",""[short-name=\""RHWE-T\""]"",""[sname=\""RHWE-T\""]"",""[data-shortname=\""RHWE-T\""]"",""[data-point-short-name=\""RHWE-T\""]"",""[data-filter*=\""RHWE-T\""]"",""[class*=\""bas-floor-graphics-display-point\""]"",""[class*=\""graphics-point-label\""]"",""[class*=\""graphics-point-value\""]"",""[class*=\""graphics-point-notfound\""]"",""use[key-data-attr*=\""pointShortName':'RHWE-T'\""]"",""use[key-data-attr*=\""pointShortName:\\\""RHWE-T\\\""\""]""]","[""svg_611""]",hide_when_unselected,0.12,generated from template point record; ontology mapping unresolved
RH-O,,[],RH-O,"[""svg_660""]",[],"[""svg_660""]","[""image[href*=\""RH-O\""]"",""image[xlink\\:href*=\""RH-O\""]"",""image[href*=\""RH-O\""]""]","[""g[data-filter=\""RH-O\""]"",""[short-name=\""RH-O\""]"",""[sname=\""RH-O\""]"",""[data-shortname=\""RH-O\""]"",""[data-point-short-name=\""RH-O\""]"",""[data-filter*=\""RH-O\""]"",""[class*=\""bas-floor-graphics-display-point\""]"",""[class*=\""graphics-point-label\""]"",""[class*=\""graphics-point-value\""]"",""[class*=\""graphics-point-notfound\""]"",""use[key-data-attr*=\""pointShortName':'RH-O'\""]"",""use[key-data-attr*=\""pointShortName:\\\""RH-O\\\""\""]""]","[""svg_660""]",hide_when_unselected,0.12,generated from template point record; ontology mapping unresolved
RH-POS,,[],RH-POS,"[""svg_662""]",[],"[""svg_662""]","[""image[href*=\""RH-POS\""]"",""image[xlink\\:href*=\""RH-POS\""]"",""image[href*=\""RH-POS\""]""]","[""g[data-filter=\""RH-POS\""]"",""[short-name=\""RH-POS\""]"",""[sname=\""RH-POS\""]"",""[data-shortname=\""RH-POS\""]"",""[data-point-short-name=\""RH-POS\""]"",""[data-filter*=\""RH-POS\""]"",""[class*=\""bas-floor-graphics-display-point\""]"",""[class*=\""graphics-point-label\""]"",""[class*=\""graphics-point-value\""]"",""[class*=\""graphics-point-notfound\""]"",""use[key-data-attr*=\""pointShortName':'RH-POS'\""]"",""use[key-data-attr*=\""pointShortName:\\\""RH-POS\\\""\""]""]","[""svg_662""]",hide_when_unselected,0.12,generated from template point record; ontology mapping unresolved
PFILT-S,,[],PFILT-S,"[""svg_60""]",[],"[""svg_60""]","[""image[href*=\""PFILT-S\""]"",""image[xlink\\:href*=\""PFILT-S\""]"",""image[href*=\""PFILT-S\""]""]","[""g[data-filter=\""PFILT-S\""]"",""[short-name=\""PFILT-S\""]"",""[sname=\""PFILT-S\""]"",""[data-shortname=\""PFILT-S\""]"",""[data-point-short-name=\""PFILT-S\""]"",""[data-filter*=\""PFILT-S\""]"",""[class*=\""bas-floor-graphics-display-point\""]"",""[class*=\""graphics-point-label\""]"",""[class*=\""graphics-point-value\""]"",""[class*=\""graphics-point-notfound\""]"",""use[key-data-attr*=\""pointShortName':'PFILT-S'\""]"",""use[key-data-attr*=\""pointShortName:\\\""PFILT-S\\\""\""]""]","[""svg_60""]",hide_when_unselected,0.12,generated from template point record; ontology mapping unresolved
RF-S,,[],RF-S,"[""svg_176""]",[],"[""svg_176""]","[""image[href*=\""RF-S\""]"",""image[xlink\\:href*=\""RF-S\""]"",""image[href*=\""RF-S\""]""]","[""g[data-filter=\""RF-S\""]"",""[short-name=\""RF-S\""]"",""[sname=\""RF-S\""]"",""[data-shortname=\""RF-S\""]"",""[data-point-short-name=\""RF-S\""]"",""[data-filter*=\""RF-S\""]"",""[class*=\""bas-floor-graphics-display-point\""]"",""[class*=\""graphics-point-label\""]"",""[class*=\""graphics-point-value\""]"",""[class*=\""graphics-point-notfound\""]"",""use[key-data-attr*=\""pointShortName':'RF-S'\""]"",""use[key-data-attr*=\""pointShortName:\\\""RF-S\\\""\""]""]","[""svg_176""]",hide_when_unselected,0.12,generated from template point record; ontology mapping unresolved
RF-C,,[],RF-C,"[""svg_178""]",[],"[""svg_178""]","[""image[href*=\""RF-C\""]"",""image[xlink\\:href*=\""RF-C\""]"",""image[href*=\""RF-C\""]""]","[""g[data-filter=\""RF-C\""]"",""[short-name=\""RF-C\""]"",""[sname=\""RF-C\""]"",""[data-shortname=\""RF-C\""]"",""[data-point-short-name=\""RF-C\""]"",""[data-filter*=\""RF-C\""]"",""[class*=\""bas-floor-graphics-display-point\""]"",""[class*=\""graphics-point-label\""]"",""[class*=\""graphics-point-value\""]"",""[class*=\""graphics-point-notfound\""]"",""use[key-data-attr*=\""pointShortName':'RF-C'\""]"",""use[key-data-attr*=\""pointShortName:\\\""RF-C\\\""\""]""]","[""svg_178""]",hide_when_unselected,0.12,generated from template point record; ontology mapping unresolved
RF-O,,[],RF-O,"[""svg_283""]",[],"[""svg_283""]","[""image[href*=\""RF-O\""]"",""image[xlink\\:href*=\""RF-O\""]"",""image[href*=\""RF-O\""]""]","[""g[data-filter=\""RF-O\""]"",""[short-name=\""RF-O\""]"",""[sname=\""RF-O\""]"",""[data-shortname=\""RF-O\""]"",""[data-point-short-name=\""RF-O\""]"",""[data-filter*=\""RF-O\""]"",""[class*=\""bas-floor-graphics-display-point\""]"",""[class*=\""graphics-point-label\""]"",""[class*=\""graphics-point-value\""]"",""[class*=\""graphics-point-notfound\""]"",""use[key-data-attr*=\""pointShortName':'RF-O'\""]"",""use[key-data-attr*=\""pointShortName:\\\""RF-O\\\""\""]""]","[""svg_283""]",hide_when_unselected,0.12,generated from template point record; ontology mapping unresolved
SF-S,,[],SF-S,"[""svg_470""]",[],"[""svg_470""]","[""image[href*=\""SF-S\""]"",""image[xlink\\:href*=\""SF-S\""]"",""image[href*=\""SF-S\""]""]","[""g[data-filter=\""SF-S\""]"",""[short-name=\""SF-S\""]"",""[sname=\""SF-S\""]"",""[data-shortname=\""SF-S\""]"",""[data-point-short-name=\""SF-S\""]"",""[data-filter*=\""SF-S\""]"",""[class*=\""bas-floor-graphics-display-point\""]"",""[class*=\""graphics-point-label\""]"",""[class*=\""graphics-point-value\""]"",""[class*=\""graphics-point-notfound\""]"",""use[key-data-attr*=\""pointShortName':'SF-S'\""]"",""use[key-data-attr*=\""pointShortName:\\\""SF-S\\\""\""]""]","[""svg_470""]",hide_when_unselected,0.12,generated from template point record; ontology mapping unresolved
SF-C,,[],SF-C,"[""svg_473""]",[],"[""svg_473""]","[""image[href*=\""SF-C\""]"",""image[xlink\\:href*=\""SF-C\""]"",""image[href*=\""SF-C\""]""]","[""g[data-filter=\""SF-C\""]"",""[short-name=\""SF-C\""]"",""[sname=\""SF-C\""]"",""[data-shortname=\""SF-C\""]"",""[data-point-short-name=\""SF-C\""]"",""[data-filter*=\""SF-C\""]"",""[class*=\""bas-floor-graphics-display-point\""]"",""[class*=\""graphics-point-label\""]"",""[class*=\""graphics-point-value\""]"",""[class*=\""graphics-point-notfound\""]"",""use[key-data-attr*=\""pointShortName':'SF-C'\""]"",""use[key-data-attr*=\""pointShortName:\\\""SF-C\\\""\""]""]","[""svg_473""]",hide_when_unselected,0.12,generated from template point record; ontology mapping unresolved
SF-O,,[],SF-O,"[""svg_475""]",[],"[""svg_475""]","[""image[href*=\""SF-O\""]"",""image[xlink\\:href*=\""SF-O\""]"",""image[href*=\""SF-O\""]""]","[""g[data-filter=\""SF-O\""]"",""[short-name=\""SF-O\""]"",""[sname=\""SF-O\""]"",""[data-shortname=\""SF-O\""]"",""[data-point-short-name=\""SF-O\""]"",""[data-filter*=\""SF-O\""]"",""[class*=\""bas-floor-graphics-display-point\""]"",""[class*=\""graphics-point-label\""]"",""[class*=\""graphics-point-value\""]"",""[class*=\""graphics-point-notfound\""]"",""use[key-data-attr*=\""pointShortName':'SF-O'\""]"",""use[key-data-attr*=\""pointShortName:\\\""SF-O\\\""\""]""]","[""svg_475""]",hide_when_unselected,0.12,generated from template point record; ontology mapping unresolved
GEF-S,,[],GEF-S,"[""svg_141""]",[],"[""svg_141""]","[""image[href*=\""GEF-S\""]"",""image[xlink\\:href*=\""GEF-S\""]"",""image[href*=\""GEF-S\""]""]","[""g[data-filter=\""GEF-S\""]"",""[short-name=\""GEF-S\""]"",""[sname=\""GEF-S\""]"",""[data-shortname=\""GEF-S\""]"",""[data-point-short-name=\""GEF-S\""]"",""[data-filter*=\""GEF-S\""]"",""[class*=\""bas-floor-graphics-display-point\""]"",""[class*=\""graphics-point-label\""]"",""[class*=\""graphics-point-value\""]"",""[class*=\""graphics-point-notfound\""]"",""use[key-data-attr*=\""pointShortName':'GEF-S'\""]"",""use[key-data-attr*=\""pointShortName:\\\""GEF-S\\\""\""]""]","[""svg_141""]",hide_when_unselected,0.12,generated from template point record; ontology mapping unresolved
GEF-C,,[],GEF-C,"[""svg_145""]",[],"[""svg_145""]","[""image[href*=\""GEF-C\""]"",""image[xlink\\:href*=\""GEF-C\""]"",""image[href*=\""GEF-C\""]""]","[""g[data-filter=\""GEF-C\""]"",""[short-name=\""GEF-C\""]"",""[sname=\""GEF-C\""]"",""[data-shortname=\""GEF-C\""]"",""[data-point-short-name=\""GEF-C\""]"",""[data-filter*=\""GEF-C\""]"",""[class*=\""bas-floor-graphics-display-point\""]"",""[class*=\""graphics-point-label\""]"",""[class*=\""graphics-point-value\""]"",""[class*=\""graphics-point-notfound\""]"",""use[key-data-attr*=\""pointShortName':'GEF-C'\""]"",""use[key-data-attr*=\""pointShortName:\\\""GEF-C\\\""\""]""]","[""svg_145""]",hide_when_unselected,0.12,generated from template point record; ontology mapping unresolved
RA-T,,[],RA-T,[],[],[],"[""image[href*=\""RA-T\""]"",""image[xlink\\:href*=\""RA-T\""]"",""image[href*=\""RA-T\""]""]","[""g[data-filter=\""RA-T\""]"",""[short-name=\""RA-T\""]"",""[sname=\""RA-T\""]"",""[data-shortname=\""RA-T\""]"",""[data-point-short-name=\""RA-T\""]"",""[data-filter*=\""RA-T\""]"",""[class*=\""bas-floor-graphics-display-point\""]"",""[class*=\""graphics-point-label\""]"",""[class*=\""graphics-point-value\""]"",""[class*=\""graphics-point-notfound\""]"",""use[key-data-attr*=\""pointShortName':'RA-T'\""]"",""use[key-data-attr*=\""pointShortName:\\\""RA-T\\\""\""]""]",[],hide_when_unselected,0.12,generated from template point record; ontology mapping unresolved
RAT-SP,,[],RAT-SP,[],[],[],"[""image[href*=\""RAT-SP\""]"",""image[xlink\\:href*=\""RAT-SP\""]"",""image[href*=\""RAT-SP\""]""]","[""g[data-filter=\""RAT-SP\""]"",""[short-name=\""RAT-SP\""]"",""[sname=\""RAT-SP\""]"",""[data-shortname=\""RAT-SP\""]"",""[data-point-short-name=\""RAT-SP\""]"",""[data-filter*=\""RAT-SP\""]"",""[class*=\""bas-floor-graphics-display-point\""]"",""[class*=\""graphics-point-label\""]"",""[class*=\""graphics-point-value\""]"",""[class*=\""graphics-point-notfound\""]"",""use[key-data-attr*=\""pointShortName':'RAT-SP'\""]"",""use[key-data-attr*=\""pointShortName:\\\""RAT-SP\\\""\""]""]",[],hide_when_unselected,0.12,generated from template point record; ontology mapping unresolved
RA-H,,[],RA-H,[],[],[],"[""image[href*=\""RA-H\""]"",""image[xlink\\:href*=\""RA-H\""]"",""image[href*=\""RA-H\""]""]","[""g[data-filter=\""RA-H\""]"",""[short-name=\""RA-H\""]"",""[sname=\""RA-H\""]"",""[data-shortname=\""RA-H\""]"",""[data-point-short-name=\""RA-H\""]"",""[data-filter*=\""RA-H\""]"",""[class*=\""bas-floor-graphics-display-point\""]"",""[class*=\""graphics-point-label\""]"",""[class*=\""graphics-point-value\""]"",""[class*=\""graphics-point-notfound\""]"",""use[key-data-attr*=\""pointShortName':'RA-H'\""]"",""use[key-data-attr*=\""pointShortName:\\\""RA-H\\\""\""]""]",[],hide_when_unselected,0.12,generated from template point record; ontology mapping unresolved
RAH-SP,,[],RAH-SP,[],[],[],"[""image[href*=\""RAH-SP\""]"",""image[xlink\\:href*=\""RAH-SP\""]"",""image[href*=\""RAH-SP\""]""]","[""g[data-filter=\""RAH-SP\""]"",""[short-name=\""RAH-SP\""]"",""[sname=\""RAH-SP\""]"",""[data-shortname=\""RAH-SP\""]"",""[data-point-short-name=\""RAH-SP\""]"",""[data-filter*=\""RAH-SP\""]"",""[class*=\""bas-floor-graphics-display-point\""]"",""[class*=\""graphics-point-label\""]"",""[class*=\""graphics-point-value\""]"",""[class*=\""graphics-point-notfound\""]"",""use[key-data-attr*=\""pointShortName':'RAH-SP'\""]"",""use[key-data-attr*=\""pointShortName:\\\""RAH-SP\\\""\""]""]",[],hide_when_unselected,0.12,generated from template point record; ontology mapping unresolved
RA-P,,[],RA-P,[],[],[],"[""image[href*=\""RA-P\""]"",""image[xlink\\:href*=\""RA-P\""]"",""image[href*=\""RA-P\""]""]","[""g[data-filter=\""RA-P\""]"",""[short-name=\""RA-P\""]"",""[sname=\""RA-P\""]"",""[data-shortname=\""RA-P\""]"",""[data-point-short-name=\""RA-P\""]"",""[data-filter*=\""RA-P\""]"",""[class*=\""bas-floor-graphics-display-point\""]"",""[class*=\""graphics-point-label\""]"",""[class*=\""graphics-point-value\""]"",""[class*=\""graphics-point-notfound\""]"",""use[key-data-attr*=\""pointShortName':'RA-P'\""]"",""use[key-data-attr*=\""pointShortName:\\\""RA-P\\\""\""]""]",[],hide_when_unselected,0.12,generated from template point record; ontology mapping unresolved
RAP-SP,,[],RAP-SP,[],[],[],"[""image[href*=\""RAP-SP\""]"",""image[xlink\\:href*=\""RAP-SP\""]"",""image[href*=\""RAP-SP\""]""]","[""g[data-filter=\""RAP-SP\""]"",""[short-name=\""RAP-SP\""]"",""[sname=\""RAP-SP\""]"",""[data-shortname=\""RAP-SP\""]"",""[data-point-short-name=\""RAP-SP\""]"",""[data-filter*=\""RAP-SP\""]"",""[class*=\""bas-floor-graphics-display-point\""]"",""[class*=\""graphics-point-label\""]"",""[class*=\""graphics-point-value\""]"",""[class*=\""graphics-point-notfound\""]"",""use[key-data-attr*=\""pointShortName':'RAP-SP'\""]"",""use[key-data-attr*=\""pointShortName:\\\""RAP-SP\\\""\""]""]",[],hide_when_unselected,0.12,generated from template point record; ontology mapping unresolved
